{ "productCount":58, "breadcrumbs":[ { "name":"Appliances", "nValue":"4294937007", "url":"/pl/Appliances/4294937007" }, { "name":"Washers & Dryers", "nValue":"4294857981", "url":"/pl/Washers-dryers-Appliances/4294857981" }, { "name":"Washing Machines", "nValue":"4294857977", "url":"/pl/Washing-machines-Washers-dryers-Appliances/4294857977" }, { "name":"Front-Load Washers", "nValue":"4294857975", "url":"/pl/Front-load-washers-Washing-machines-Washers-dryers-Appliances/4294857975" } ], "categories":[  ], "selectedRefinements":[ { "name":"Departments", "navStateID":0, "seoUrl":null, "multiSelect":null, "refinementValues":[ { "name":"Front-Load Washers", "navStateID":4294857975, "seoUrl":null, "productCount":58 } ] } ], "productList":[ { "networkPrice":"799.0", "pricing":{ "productId":1000044379, "isSosVendorDirect":false, "price":{ "savings":{ "total":"80.00", "totalPercentage":10, "endDate":1488949140000 }, "selling":"719.00", "retail":"719.00", "was":"799.00", "typeCode":7, "typeIndicator":"Advertised" }, "availability":[ { "availabilityStatus":"Not Available", "productStockType":"STK", "availabileQuantity":0, "deliveryMethodId":1, "deliveryMethodName":"Parcel Shipping", "storeNumber":9998 }, { "availabilityStatus":"Available", "productStockType":"STK", "availabileQuantity":1, "leadTime":1488862800000, "deliveryMethodId":2, "deliveryMethodName":"Store Pickup", "storeNumber":595 }, { "availabilityStatus":"Available", "productStockType":"STK", "availabileQuantity":1, "leadTime":1488862800000, "deliveryMethodId":3, "deliveryMethodName":"Truck Delivery", "storeNumber":595 } ], "@type":"item" }, "description":"4.3-cu ft High-Efficiency Stackable Front-Load Washer Steam Cycle (White) ENERGY STAR", "marketingBullets":[ "PowerWash&#174; System features extra cleaning action of the PowerWash&#174; cycle and an internal heater", "Steam for Stains option uses additional soak times, optimal water temperature and a boost of steam from the Steam for Stains option, which can be added to select cycles", "Sanitize cycle removes up 99.9% of household bacteria with extra hot water temperature, delivering thorough cleaning and peace of mind", "Maytag 4.36-cu ft high-efficiency, stackable front-load washer tackles extra-large loads and offers enough space to clean up to 29 towels at once", "Rapid Wash cycle washes small loads quickly for those times when your must-have outfits looks less than presentable", "Advanced Vibration Control&#8482; Plus allows you to wash loads of almost any size without worrying about vibration", "American Pride - designed, engineered and assembled in the USA" ], "brand":"Maytag", "productId":1000044379, "itemNumber":"780032", "modelId":"MHW3505FW", "vendorNumber":"46", "rating":4.5768, "reviewCount":879, "imageUrls":{ "sm":"https://mobileimages.lowes.com/product/converted/883049/883049391151sm.jpg", "md":"https://mobileimages.lowes.com/product/converted/883049/883049391151md.jpg", "lg":"https://mobileimages.lowes.com/product/converted/883049/883049391151lg.jpg", "xl":"https://mobileimages.lowes.com/product/converted/883049/883049391151.jpg" }, "type":"LOCALONLY", "mulQuantity":0, "minQuantity":0, "disclaimer":"In-use/lifestyle images -accessories, dryer and pedestals sold separately", "buyable":1, "published":1, "lowesExclusive":"No", "freeShipping":1, "links":[ { "rel":"review", "href":"https://lwssvcs.lowes.com/BazaarVoiceServices/0534/1000044379/reviews.xml?apiversion=5.4&format=embedded&sort=helpfulness&dir=desc&num=5&page=1" }, { "rel":"questions&answers", "href":"https://lwssvcs.lowes.com/BazaarVoiceServices/answers/0534/product/1000044379/questions.xml?apiversion=5.4&format=embedded&include=answers&sort=helpfulness&dir=desc&num=5&page=1" }, { "rel":"epp", "href":"https://lwssvcs.lowes.com/commerce/resources/store/10151/product/1000044379/epp/v1_0" }, { "rel":"epc", "href":"https://lwssvcs.lowes.com/commerce/resources/store/10151/product/1000044379/assets/v1_0" }, { "rel":"relatedItems", "href":"https://lwssvcs.lowes.com/CatalogServices/product/1000044379/relateditems/v1_0" }, { "rel":"requiredItems", "href":"https://lwssvcs.lowes.com/CatalogServices/product/1000044379/requireditems/v1_0" }, { "rel":"specifications", "href":"https://lwssvcs.lowes.com/CatalogServices/product/1000044379/specifications/v1_0" }, { "rel":"bullets", "href":"https://lwssvcs.lowes.com/CatalogServices/product/1000044379/bullets/v1_0" }, { "rel":"reminder", "href":"https://lwssvcs.lowes.com/commerce/resources/store/10151/reminder/v1_0" }, { "rel":"addItemToCart", "href":"https://lwssvcs.lowes.com/commerce/resources/store/10151/order/item/v1_0" }, { "rel":"saveItem", "href":"https://lwssvcs.lowes.com/MyLowes/app/resource/bin/list/product/v1_0" }, { "rel":"customeralsoviewed", "href":"https://lwssvcs.lowes.com/CatalogServices/product/1000044379/customerviewed/v1_0" }, { "rel":"location", "href":"https://lwssvcs.lowes.com/CatalogServices/product/locations/v1_0?devId=devId&storeNumber=0595&itemNumber=780032" } ], "url":"/pd/Maytag-4-3-cu-ft-High-Efficiency-Stackable-Front-Load-Washer-Steam-Cycle-White-ENERGY-STAR/1000044379", "hasVariants":false, "additionalBadges":[ "Free Delivery" ], "leadCapture":false }, { "networkPrice":"899.0", "pricing":{ "productId":50150412, "isSosVendorDirect":false, "price":{ "savings":{ "total":"90.00", "totalPercentage":10, "endDate":1488949140000 }, "selling":"809.00", "retail":"809.00", "was":"899.00", "typeCode":7, "typeIndicator":"Advertised" }, "availability":[ { "availabilityStatus":"Not Available", "productStockType":"STK", "availabileQuantity":0, "deliveryMethodId":1, "deliveryMethodName":"Parcel Shipping", "storeNumber":9998 }, { "availabilityStatus":"Available", "productStockType":"STK", "availabileQuantity":0, "leadTime":1489464000000, "startLeadDays":3, "endLeadDays":7, "deliveryMethodId":2, "deliveryMethodName":"Store Pickup", "storeNumber":595 }, { "availabilityStatus":"Available", "productStockType":"STK", "availabileQuantity":1, "leadTime":1488862800000, "deliveryMethodId":3, "deliveryMethodName":"Truck Delivery", "storeNumber":495 } ], "@type":"item" }, "description":"4.2-cu ft High-Efficiency Stackable Front-Load Washer with Steam Cycle (White) ENERGY STAR", "marketingBullets":[ "Samsung front-load washer features a diamond drum interior that helps extend clothing life by treating fabrics gently", "4.2-cu ft tub capacity offers tremendous tub space, allowing you to finish more laundry in less time", "Steam Wash cycle powerfully removes stains with no pre-treatment necessary", "9 wash cycles, including sanitize and allergen cycles that eliminate up to 99% of bacteria and kill up to 95% of pet dander and dust mites", "ENERGY STAR&#174; certified products help you save money on utility bills without sacrificing performance, style or comfort", "Vibration Reduction Technology balances heavy loads quietly, so you can wash clothes upstairs or while children sleep", "Self Clean+ technology keeps the washer tub fresh by removing dirt and bacteria without the use of harsh chemicals", "Smart Care allows you to quickly troubleshoot issues through a smartphone app, making problem-solving a cinch", "ENERGY STAR qualified products help you save money on utility bills without sacrificing performance, style or comfort" ], "brand":"Samsung", "productId":50150412, "itemNumber":"565997", "modelId":"WF42H5200AW", "vendorNumber":"149", "rating":4.5092, "reviewCount":817, "imageUrls":{ "sm":"https://mobileimages.lowes.com/product/converted/887276/887276962993sm.jpg", "md":"https://mobileimages.lowes.com/product/converted/887276/887276962993md.jpg", "lg":"https://mobileimages.lowes.com/product/converted/887276/887276962993lg.jpg", "xl":"https://mobileimages.lowes.com/product/converted/887276/887276962993.jpg" }, "type":"LOCALONLY", "mulQuantity":-1, "minQuantity":-1, "disclaimer":"Pedestal and dryer not included", "buyable":1, "published":1, "lowesExclusive":"No", "freeShipping":1, "links":[ { "rel":"review", "href":"https://lwssvcs.lowes.com/BazaarVoiceServices/0534/50150412/reviews.xml?apiversion=5.4&format=embedded&sort=helpfulness&dir=desc&num=5&page=1" }, { "rel":"questions&answers", "href":"https://lwssvcs.lowes.com/BazaarVoiceServices/answers/0534/product/50150412/questions.xml?apiversion=5.4&format=embedded&include=answers&sort=helpfulness&dir=desc&num=5&page=1" }, { "rel":"epp", "href":"https://lwssvcs.lowes.com/commerce/resources/store/10151/product/50150412/epp/v1_0" }, { "rel":"epc", "href":"https://lwssvcs.lowes.com/commerce/resources/store/10151/product/50150412/assets/v1_0" }, { "rel":"relatedItems", "href":"https://lwssvcs.lowes.com/CatalogServices/product/50150412/relateditems/v1_0" }, { "rel":"requiredItems", "href":"https://lwssvcs.lowes.com/CatalogServices/product/50150412/requireditems/v1_0" }, { "rel":"specifications", "href":"https://lwssvcs.lowes.com/CatalogServices/product/50150412/specifications/v1_0" }, { "rel":"bullets", "href":"https://lwssvcs.lowes.com/CatalogServices/product/50150412/bullets/v1_0" }, { "rel":"reminder", "href":"https://lwssvcs.lowes.com/commerce/resources/store/10151/reminder/v1_0" }, { "rel":"addItemToCart", "href":"https://lwssvcs.lowes.com/commerce/resources/store/10151/order/item/v1_0" }, { "rel":"saveItem", "href":"https://lwssvcs.lowes.com/MyLowes/app/resource/bin/list/product/v1_0" }, { "rel":"customeralsoviewed", "href":"https://lwssvcs.lowes.com/CatalogServices/product/50150412/customerviewed/v1_0" }, { "rel":"location", "href":"https://lwssvcs.lowes.com/CatalogServices/product/locations/v1_0?devId=devId&storeNumber=0595&itemNumber=565997" } ], "url":"/pd/Samsung-4-2-cu-ft-High-Efficiency-Stackable-Front-Load-Washer-with-Steam-Cycle-White-ENERGY-STAR/50150412", "hasVariants":false, "additionalBadges":[ "Free Delivery" ], "leadCapture":false }, { "networkPrice":"799.0", "pricing":{ "productId":50155480, "isSosVendorDirect":false, "price":{ "savings":{ "total":"250.00", "totalPercentage":31, "endDate":1488949140000 }, "selling":"549.00", "retail":"549.00", "was":"799.00", "typeCode":7, "typeIndicator":"Advertised" }, "availability":[ { "availabilityStatus":"Not Available", "productStockType":"STK", "availabileQuantity":0, "deliveryMethodId":1, "deliveryMethodName":"Parcel Shipping", "storeNumber":9998 }, { "availabilityStatus":"Available", "productStockType":"STK", "availabileQuantity":1, "leadTime":1488862800000, "deliveryMethodId":2, "deliveryMethodName":"Store Pickup", "storeNumber":595 }, { "availabilityStatus":"Available", "productStockType":"STK", "availabileQuantity":1, "leadTime":1488862800000, "deliveryMethodId":3, "deliveryMethodName":"Truck Delivery", "storeNumber":595 } ], "@type":"item" }, "description":"4.2-cu ft High-Efficiency Stackable Front-Load Washer (White) ENERGY STAR", "marketingBullets":[ "Samsung front-load washer makes doing laundry effortless", "4.2-cu ft capacity offers tremendous tub space, allowing you to finish more laundry in less time", "8 wash cycles, including one for active wear, allow you to customize your cycle without feeling overwhelmed", "ENERGY STAR&#174; certified products help you save money on utility bills without sacrificing performance, style or comfort", "Vibration Reduction Technology balances heavy loads quietly, so you can wash clothes upstairs or while children sleep", "Stainless steel drum with diamond-shaped drain holes resists rust while protecting fabrics", "Self Clean+ technology keeps the washer tub fresh by removing dirt and bacteria without the use of harsh chemicals", "Smart Care allows you to quickly troubleshoot issues through a smartphone app, making problem-solving a cinch", "White exterior offers a traditional look" ], "brand":"Samsung", "productId":50155480, "itemNumber":"566001", "modelId":"WF42H5000AW", "vendorNumber":"149", "rating":4.3229, "reviewCount":700, "imageUrls":{ "sm":"https://mobileimages.lowes.com/product/converted/887276/887276962887sm.jpg", "md":"https://mobileimages.lowes.com/product/converted/887276/887276962887md.jpg", "lg":"https://mobileimages.lowes.com/product/converted/887276/887276962887lg.jpg", "xl":"https://mobileimages.lowes.com/product/converted/887276/887276962887.jpg" }, "type":"LOCALONLY", "mulQuantity":0, "minQuantity":0, "disclaimer":"Pedestal and dryer not included", "buyable":1, "published":1, "lowesExclusive":"No", "freeShipping":1, "links":[ { "rel":"review", "href":"https://lwssvcs.lowes.com/BazaarVoiceServices/0534/50155480/reviews.xml?apiversion=5.4&format=embedded&sort=helpfulness&dir=desc&num=5&page=1" }, { "rel":"questions&answers", "href":"https://lwssvcs.lowes.com/BazaarVoiceServices/answers/0534/product/50155480/questions.xml?apiversion=5.4&format=embedded&include=answers&sort=helpfulness&dir=desc&num=5&page=1" }, { "rel":"epp", "href":"https://lwssvcs.lowes.com/commerce/resources/store/10151/product/50155480/epp/v1_0" }, { "rel":"epc", "href":"https://lwssvcs.lowes.com/commerce/resources/store/10151/product/50155480/assets/v1_0" }, { "rel":"relatedItems", "href":"https://lwssvcs.lowes.com/CatalogServices/product/50155480/relateditems/v1_0" }, { "rel":"requiredItems", "href":"https://lwssvcs.lowes.com/CatalogServices/product/50155480/requireditems/v1_0" }, { "rel":"specifications", "href":"https://lwssvcs.lowes.com/CatalogServices/product/50155480/specifications/v1_0" }, { "rel":"bullets", "href":"https://lwssvcs.lowes.com/CatalogServices/product/50155480/bullets/v1_0" }, { "rel":"reminder", "href":"https://lwssvcs.lowes.com/commerce/resources/store/10151/reminder/v1_0" }, { "rel":"addItemToCart", "href":"https://lwssvcs.lowes.com/commerce/resources/store/10151/order/item/v1_0" }, { "rel":"saveItem", "href":"https://lwssvcs.lowes.com/MyLowes/app/resource/bin/list/product/v1_0" }, { "rel":"customeralsoviewed", "href":"https://lwssvcs.lowes.com/CatalogServices/product/50155480/customerviewed/v1_0" }, { "rel":"location", "href":"https://lwssvcs.lowes.com/CatalogServices/product/locations/v1_0?devId=devId&storeNumber=0595&itemNumber=566001" } ], "url":"/pd/Samsung-4-2-cu-ft-High-Efficiency-Stackable-Front-Load-Washer-White-ENERGY-STAR/50155480", "hasVariants":false, "additionalBadges":[ "Free Delivery" ], "leadCapture":false }, { "networkPrice":"999.0", "pricing":{ "productId":50151504, "isSosVendorDirect":false, "price":{ "savings":{ "total":"100.00", "totalPercentage":10, "endDate":1488949140000 }, "selling":"899.00", "retail":"899.00", "was":"999.00", "typeCode":7, "typeIndicator":"Advertised" }, "availability":[ { "availabilityStatus":"Not Available", "productStockType":"STK", "availabileQuantity":0, "deliveryMethodId":1, "deliveryMethodName":"Parcel Shipping", "storeNumber":9998 }, { "availabilityStatus":"Available", "productStockType":"STK", "availabileQuantity":1, "leadTime":1488862800000, "deliveryMethodId":2, "deliveryMethodName":"Store Pickup", "storeNumber":595 }, { "availabilityStatus":"Available", "productStockType":"STK", "availabileQuantity":1, "leadTime":1488862800000, "deliveryMethodId":3, "deliveryMethodName":"Truck Delivery", "storeNumber":595 } ], "@type":"item" }, "description":"4.2-cu ft High-Efficiency Stackable Front-Load Washer with Steam Cycle (Merlot) ENERGY STAR", "marketingBullets":[ "Samsung front-load washer features a diamond drum interior that helps extend clothing life by treating fabrics gently", "4.2-cu ft capacity offers tremendous tub space, allowing you to finish more laundry in less time", "Steam Wash cycle powerfully removes stains with no pre-treatment necessary", "9 wash cycles, including sanitize and allergen cycles that eliminate up to 99% of bacteria and kill up to 95% of pet dander and dust mites", "ENERGY STAR&#174; certified products help you save money on utility bills without sacrificing performance, style or comfort", "Vibration Reduction Technology balances heavy loads quietly, so you can wash clothes upstairs or while children sleep", "Self Clean+ technology keeps the washer tub fresh by removing dirt and bacteria without the use of harsh chemicals", "Smart Care allows you to quickly troubleshoot issues through a smartphone app, making problem-solving a cinch", "Merlot exterior adds a colorful, contemporary accent to any space" ], "brand":"Samsung", "productId":50151504, "itemNumber":"565989", "modelId":"WF42H5200AF", "vendorNumber":"149", "rating":4.5048, "reviewCount":826, "imageUrls":{ "sm":"https://mobileimages.lowes.com/product/converted/887276/887276962986sm.jpg", "md":"https://mobileimages.lowes.com/product/converted/887276/887276962986md.jpg", "lg":"https://mobileimages.lowes.com/product/converted/887276/887276962986lg.jpg", "xl":"https://mobileimages.lowes.com/product/converted/887276/887276962986.jpg" }, "type":"LOCALONLY", "mulQuantity":-1, "minQuantity":-1, "disclaimer":"Pedestal and dryer not included", "buyable":1, "published":1, "energyStar":"Yes", "lowesExclusive":"No", "freeShipping":1, "links":[ { "rel":"review", "href":"https://lwssvcs.lowes.com/BazaarVoiceServices/0534/50151504/reviews.xml?apiversion=5.4&format=embedded&sort=helpfulness&dir=desc&num=5&page=1" }, { "rel":"questions&answers", "href":"https://lwssvcs.lowes.com/BazaarVoiceServices/answers/0534/product/50151504/questions.xml?apiversion=5.4&format=embedded&include=answers&sort=helpfulness&dir=desc&num=5&page=1" }, { "rel":"epp", "href":"https://lwssvcs.lowes.com/commerce/resources/store/10151/product/50151504/epp/v1_0" }, { "rel":"epc", "href":"https://lwssvcs.lowes.com/commerce/resources/store/10151/product/50151504/assets/v1_0" }, { "rel":"relatedItems", "href":"https://lwssvcs.lowes.com/CatalogServices/product/50151504/relateditems/v1_0" }, { "rel":"requiredItems", "href":"https://lwssvcs.lowes.com/CatalogServices/product/50151504/requireditems/v1_0" }, { "rel":"specifications", "href":"https://lwssvcs.lowes.com/CatalogServices/product/50151504/specifications/v1_0" }, { "rel":"bullets", "href":"https://lwssvcs.lowes.com/CatalogServices/product/50151504/bullets/v1_0" }, { "rel":"reminder", "href":"https://lwssvcs.lowes.com/commerce/resources/store/10151/reminder/v1_0" }, { "rel":"addItemToCart", "href":"https://lwssvcs.lowes.com/commerce/resources/store/10151/order/item/v1_0" }, { "rel":"saveItem", "href":"https://lwssvcs.lowes.com/MyLowes/app/resource/bin/list/product/v1_0" }, { "rel":"customeralsoviewed", "href":"https://lwssvcs.lowes.com/CatalogServices/product/50151504/customerviewed/v1_0" }, { "rel":"location", "href":"https://lwssvcs.lowes.com/CatalogServices/product/locations/v1_0?devId=devId&storeNumber=0595&itemNumber=565989" } ], "url":"/pd/Samsung-4-2-cu-ft-High-Efficiency-Stackable-Front-Load-Washer-with-Steam-Cycle-Merlot-ENERGY-STAR/50151504", "hasVariants":false, "additionalBadges":[ "Free Delivery" ], "leadCapture":false }, { "networkPrice":"1299.0", "pricing":{ "productId":1000041233, "isSosVendorDirect":false, "price":{ "savings":{ "total":"200.00", "totalPercentage":15, "endDate":1488949140000 }, "selling":"1099.00", "retail":"1099.00", "was":"1299.00", "typeCode":7, "typeIndicator":"Advertised" }, "availability":[ { "availabilityStatus":"Not Available", "productStockType":"STK", "availabileQuantity":0, "deliveryMethodId":1, "deliveryMethodName":"Parcel Shipping", "storeNumber":9998 }, { "availabilityStatus":"Available", "productStockType":"STK", "availabileQuantity":1, "leadTime":1488862800000, "deliveryMethodId":2, "deliveryMethodName":"Store Pickup", "storeNumber":595 }, { "availabilityStatus":"Available", "productStockType":"STK", "availabileQuantity":1, "leadTime":1488862800000, "deliveryMethodId":3, "deliveryMethodName":"Truck Delivery", "storeNumber":595 } ], "@type":"item" }, "description":"AddWash 4.5-cu ft High-Efficiency Stackable Front-Load Washer with Steam Cycle (Black Stainless Steel) ENERGY STAR", "marketingBullets":[ "AddWash door makes it easy to add in any forgotton laundry after the cycle has begun", "Super Speed - wash a full load in as little as 36 minutes", "Samsung 4.5-cu ft features a larger capacity, so you can quickly wash more laundry in a single load, saving you time and effort", "Steam Wash - Uses the power of steam to eliminate stains without pre-treatment", "VRT Plus Technology - Reduces noise 40% more than standard Vibration Reduction Technology", "Self Clean+ - Keeps fron load washer fresh and odor free", "Wi-Fi Connectivity - Remotely control and monitor your Samsung washer and dryer from anywhere using your mobile devices", "Smart Care allows you to skip customer service and troubleshoot issues quickly through a smartphone app, making problem-solving a cinch", "Diamond Drum Design - Extends clothing life by treating fabrics gently" ], "brand":"Samsung", "productId":1000041233, "itemNumber":"780053", "modelId":"WF45K6500AV", "vendorNumber":"149", "rating":4.6502, "reviewCount":203, "imageUrls":{ "sm":"https://mobileimages.lowes.com/product/converted/887276/887276138121sm.jpg", "md":"https://mobileimages.lowes.com/product/converted/887276/887276138121md.jpg", "lg":"https://mobileimages.lowes.com/product/converted/887276/887276138121lg.jpg", "xl":"https://mobileimages.lowes.com/product/converted/887276/887276138121.jpg" }, "type":"LOCALONLY", "mulQuantity":0, "minQuantity":0, "disclaimer":"In-use/lifestyle images - dryer and pedestals sold separately", "buyable":1, "published":1, "lowesExclusive":"No", "freeShipping":1, "links":[ { "rel":"review", "href":"https://lwssvcs.lowes.com/BazaarVoiceServices/0534/1000041233/reviews.xml?apiversion=5.4&format=embedded&sort=helpfulness&dir=desc&num=5&page=1" }, { "rel":"questions&answers", "href":"https://lwssvcs.lowes.com/BazaarVoiceServices/answers/0534/product/1000041233/questions.xml?apiversion=5.4&format=embedded&include=answers&sort=helpfulness&dir=desc&num=5&page=1" }, { "rel":"epp", "href":"https://lwssvcs.lowes.com/commerce/resources/store/10151/product/1000041233/epp/v1_0" }, { "rel":"epc", "href":"https://lwssvcs.lowes.com/commerce/resources/store/10151/product/1000041233/assets/v1_0" }, { "rel":"relatedItems", "href":"https://lwssvcs.lowes.com/CatalogServices/product/1000041233/relateditems/v1_0" }, { "rel":"requiredItems", "href":"https://lwssvcs.lowes.com/CatalogServices/product/1000041233/requireditems/v1_0" }, { "rel":"specifications", "href":"https://lwssvcs.lowes.com/CatalogServices/product/1000041233/specifications/v1_0" }, { "rel":"bullets", "href":"https://lwssvcs.lowes.com/CatalogServices/product/1000041233/bullets/v1_0" }, { "rel":"reminder", "href":"https://lwssvcs.lowes.com/commerce/resources/store/10151/reminder/v1_0" }, { "rel":"addItemToCart", "href":"https://lwssvcs.lowes.com/commerce/resources/store/10151/order/item/v1_0" }, { "rel":"saveItem", "href":"https://lwssvcs.lowes.com/MyLowes/app/resource/bin/list/product/v1_0" }, { "rel":"customeralsoviewed", "href":"https://lwssvcs.lowes.com/CatalogServices/product/1000041233/customerviewed/v1_0" }, { "rel":"location", "href":"https://lwssvcs.lowes.com/CatalogServices/product/locations/v1_0?devId=devId&storeNumber=0595&itemNumber=780053" } ], "url":"/pd/Samsung-AddWash-4-5-cu-ft-High-Efficiency-Stackable-Front-Load-Washer-with-Steam-Cycle-Black-Stainless-Steel-ENERGY-STAR/1000041233", "hasVariants":false, "additionalBadges":[ "Free Delivery" ], "leadCapture":false }, { "networkPrice":"999.0", "pricing":{ "productId":1000044383, "isSosVendorDirect":false, "price":{ "savings":{ "total":"100.00", "totalPercentage":10, "endDate":1488949140000 }, "selling":"899.00", "retail":"899.00", "was":"999.00", "typeCode":7, "typeIndicator":"Advertised" }, "availability":[ { "availabilityStatus":"Not Available", "productStockType":"STK", "availabileQuantity":0, "deliveryMethodId":1, "deliveryMethodName":"Parcel Shipping", "storeNumber":9998 }, { "availabilityStatus":"Not Available", "productStockType":"STK", "availabileQuantity":0, "deliveryMethodId":2, "deliveryMethodName":"Store Pickup", "storeNumber":595 }, { "availabilityStatus":"Available", "productStockType":"STK", "availabileQuantity":1, "leadTime":1488862800000, "deliveryMethodId":3, "deliveryMethodName":"Truck Delivery", "storeNumber":701 } ], "@type":"item" }, "description":"Fresh Hold 4.5-cu ft High-Efficiency Stackable Front-Load Washer Steam Cycle (White) ENERGY STAR", "marketingBullets":[ "PowerWash&#174; System features extra cleaning action of the PowerWash&#174; cycle and an internal heater", "Fresh Hold&#174; option keeps clean clothes in the washer smelling fresh by using an internal fan and intermittent tumbling that circulate air through clothes for up to 12 hours after the cycle ends", "Steam for Stains option uses additional soak times, optimal water temperature and a boost of steam from the Steam for Stains option, which can be added to select cycles", "Sanitize cycle removes up 99.9% of household bacteria with extra hot water temperature, delivering thorough cleaning and peace of mind", "Tackle super sized loads with 4.5 cu-ft capacity, enough space to clean 29 towels at once", "Cold wash cycle -extra cleaning action and an active soak help wash away tough stains, while giving you the energy savings and gentle cleaning power of cold water", "American Pride - designed, engineered and assembled in the USA" ], "brand":"Maytag", "productId":1000044383, "itemNumber":"780035", "modelId":"MHW5500FW", "vendorNumber":"46", "rating":3.5882, "reviewCount":17, "imageUrls":{ "sm":"https://mobileimages.lowes.com/product/converted/883049/883049385112sm.jpg", "md":"https://mobileimages.lowes.com/product/converted/883049/883049385112md.jpg", "lg":"https://mobileimages.lowes.com/product/converted/883049/883049385112lg.jpg", "xl":"https://mobileimages.lowes.com/product/converted/883049/883049385112.jpg" }, "type":"LOCALONLY", "mulQuantity":0, "minQuantity":0, "disclaimer":"In-use/lifestyle images -accessories, dryer and pedestals sold separately", "buyable":1, "published":1, "lowesExclusive":"No", "freeShipping":1, "links":[ { "rel":"review", "href":"https://lwssvcs.lowes.com/BazaarVoiceServices/0534/1000044383/reviews.xml?apiversion=5.4&format=embedded&sort=helpfulness&dir=desc&num=5&page=1" }, { "rel":"questions&answers", "href":"https://lwssvcs.lowes.com/BazaarVoiceServices/answers/0534/product/1000044383/questions.xml?apiversion=5.4&format=embedded&include=answers&sort=helpfulness&dir=desc&num=5&page=1" }, { "rel":"epp", "href":"https://lwssvcs.lowes.com/commerce/resources/store/10151/product/1000044383/epp/v1_0" }, { "rel":"epc", "href":"https://lwssvcs.lowes.com/commerce/resources/store/10151/product/1000044383/assets/v1_0" }, { "rel":"relatedItems", "href":"https://lwssvcs.lowes.com/CatalogServices/product/1000044383/relateditems/v1_0" }, { "rel":"requiredItems", "href":"https://lwssvcs.lowes.com/CatalogServices/product/1000044383/requireditems/v1_0" }, { "rel":"specifications", "href":"https://lwssvcs.lowes.com/CatalogServices/product/1000044383/specifications/v1_0" }, { "rel":"bullets", "href":"https://lwssvcs.lowes.com/CatalogServices/product/1000044383/bullets/v1_0" }, { "rel":"reminder", "href":"https://lwssvcs.lowes.com/commerce/resources/store/10151/reminder/v1_0" }, { "rel":"addItemToCart", "href":"https://lwssvcs.lowes.com/commerce/resources/store/10151/order/item/v1_0" }, { "rel":"saveItem", "href":"https://lwssvcs.lowes.com/MyLowes/app/resource/bin/list/product/v1_0" }, { "rel":"customeralsoviewed", "href":"https://lwssvcs.lowes.com/CatalogServices/product/1000044383/customerviewed/v1_0" }, { "rel":"location", "href":"https://lwssvcs.lowes.com/CatalogServices/product/locations/v1_0?devId=devId&storeNumber=0595&itemNumber=780035" } ], "url":"/pd/Maytag-Fresh-Hold-4-5-cu-ft-High-Efficiency-Stackable-Front-Load-Washer-Steam-Cycle-White-ENERGY-STAR/1000044383", "hasVariants":false, "additionalBadges":[ "Free Delivery" ], "leadCapture":false }, { "networkPrice":"899.0", "pricing":{ "productId":1000079549, "isSosVendorDirect":false, "price":{ "savings":{ "total":"90.00", "totalPercentage":10, "endDate":1488949140000 }, "selling":"809.00", "retail":"809.00", "was":"899.00", "typeCode":7, "typeIndicator":"Advertised" }, "availability":[ { "availabilityStatus":"Not Available", "productStockType":"STK", "availabileQuantity":0, "deliveryMethodId":1, "deliveryMethodName":"Parcel Shipping", "storeNumber":9998 }, { "availabilityStatus":"Available", "productStockType":"STK", "availabileQuantity":0, "leadTime":1489464000000, "startLeadDays":3, "endLeadDays":7, "deliveryMethodId":2, "deliveryMethodName":"Store Pickup", "storeNumber":595 }, { "availabilityStatus":"Available", "productStockType":"STK", "availabileQuantity":1, "leadTime":1488862800000, "deliveryMethodId":3, "deliveryMethodName":"Truck Delivery", "storeNumber":3302 } ], "@type":"item" }, "description":"4.5-cu ft High-Efficiency Stackable Front-Load Washer Steam Cycle (White) ENERGY STAR", "marketingBullets":[ "Whirlpool 4.5-cu ft high-efficiency stackable front-load washer with Adaptive Wash Technology senses and adapts wash actions, time and temperature, so your clothes look newer for longer", "Wash cycles include a ColorLast&#8482; cycle that keeps colors vibrant longer, and a heated sanitize cycle eliminates 99.9% of common household bacteria", "Steam Clean option penetrates fabrics using increased wash action and heat to efficiently remove everyday stains", "TumbleFresh&#8482; option prevents wrinkles and keeps clothes fresh, so you don&#8217;t have to immediately transfer them to the dryer", "PreSoak option allows you to soak clothes right in the washer to loosen tough stains", "EcoBoost&#8482; option uses lower water temperatures and increased wash action to get the same thorough clean while using less energy", "ENERGY STAR&#174; certified product helps you save money on utility bills without sacrificing performance, style or comfort", "Precision dispense releases detergent at the correct time to mix with water for optimal fabric care and well-balanced cleaning", "Undercounter installation means it can be installed under a standard countertop, so it easily fits in your laundry space" ], "brand":"Whirlpool", "productId":1000079549, "itemNumber":"803261", "modelId":"WFW8540FW", "vendorNumber":"46", "rating":4.3235, "reviewCount":68, "imageUrls":{ "sm":"https://mobileimages.lowes.com/product/converted/883049/883049421407sm.jpg", "md":"https://mobileimages.lowes.com/product/converted/883049/883049421407md.jpg", "lg":"https://mobileimages.lowes.com/product/converted/883049/883049421407lg.jpg", "xl":"https://mobileimages.lowes.com/product/converted/883049/883049421407.jpg" }, "type":"LOCALONLY", "mulQuantity":0, "minQuantity":0, "disclaimer":"In-use/lifestyle images - dryer and pedestals not included", "buyable":1, "published":1, "lowesExclusive":"Yes", "freeShipping":1, "links":[ { "rel":"review", "href":"https://lwssvcs.lowes.com/BazaarVoiceServices/0534/1000079549/reviews.xml?apiversion=5.4&format=embedded&sort=helpfulness&dir=desc&num=5&page=1" }, { "rel":"questions&answers", "href":"https://lwssvcs.lowes.com/BazaarVoiceServices/answers/0534/product/1000079549/questions.xml?apiversion=5.4&format=embedded&include=answers&sort=helpfulness&dir=desc&num=5&page=1" }, { "rel":"epp", "href":"https://lwssvcs.lowes.com/commerce/resources/store/10151/product/1000079549/epp/v1_0" }, { "rel":"epc", "href":"https://lwssvcs.lowes.com/commerce/resources/store/10151/product/1000079549/assets/v1_0" }, { "rel":"relatedItems", "href":"https://lwssvcs.lowes.com/CatalogServices/product/1000079549/relateditems/v1_0" }, { "rel":"requiredItems", "href":"https://lwssvcs.lowes.com/CatalogServices/product/1000079549/requireditems/v1_0" }, { "rel":"specifications", "href":"https://lwssvcs.lowes.com/CatalogServices/product/1000079549/specifications/v1_0" }, { "rel":"bullets", "href":"https://lwssvcs.lowes.com/CatalogServices/product/1000079549/bullets/v1_0" }, { "rel":"reminder", "href":"https://lwssvcs.lowes.com/commerce/resources/store/10151/reminder/v1_0" }, { "rel":"addItemToCart", "href":"https://lwssvcs.lowes.com/commerce/resources/store/10151/order/item/v1_0" }, { "rel":"saveItem", "href":"https://lwssvcs.lowes.com/MyLowes/app/resource/bin/list/product/v1_0" }, { "rel":"customeralsoviewed", "href":"https://lwssvcs.lowes.com/CatalogServices/product/1000079549/customerviewed/v1_0" }, { "rel":"location", "href":"https://lwssvcs.lowes.com/CatalogServices/product/locations/v1_0?devId=devId&storeNumber=0595&itemNumber=803261" } ], "url":"/pd/Whirlpool-4-5-cu-ft-High-Efficiency-Stackable-Front-Load-Washer-Steam-Cycle-White-ENERGY-STAR/1000079549", "hasVariants":false, "additionalBadges":[ "Free Delivery", "Only at Lowe's" ], "leadCapture":false }, { "networkPrice":"899.0", "pricing":{ "productId":1000080135, "isSosVendorDirect":false, "price":{ "savings":{ "total":"90.00", "totalPercentage":10, "endDate":1488949140000 }, "selling":"809.00", "retail":"809.00", "was":"899.00", "typeCode":7, "typeIndicator":"Advertised" }, "availability":[ { "availabilityStatus":"Not Available", "productStockType":"STK", "availabileQuantity":0, "deliveryMethodId":1, "deliveryMethodName":"Parcel Shipping", "storeNumber":9998 }, { "availabilityStatus":"Available", "productStockType":"STK", "availabileQuantity":0, "leadTime":1489464000000, "startLeadDays":3, "endLeadDays":7, "deliveryMethodId":2, "deliveryMethodName":"Store Pickup", "storeNumber":595 }, { "availabilityStatus":"Available", "productStockType":"STK", "availabileQuantity":1, "leadTime":1488862800000, "deliveryMethodId":3, "deliveryMethodName":"Truck Delivery", "storeNumber":701 } ], "@type":"item" }, "description":"TWINWASH Compatible 4.5-cu ft High-Efficiency Stackable Front-Load Washer with Steam Cycle (White) ENERGY STAR", "marketingBullets":[ "This washer is TWINWash&#8482; compatible, which means you can add an LG SideKick&#8482; Pedestal Washer to wash two loads at the same time (model WD100CW sold separately)", "4.5-cu ft capacity offers tremendous tub space, allowing you to finish more laundry in less time", "Steam Technology gently but powerfully eliminates dirt and odors while preventing wrinkles", "Rely on your LG washer with a 10-year warranty on the Direct Drive Motor", "12 wash cycles, including Speed Wash, Bright Whites, TubClean and Allergiene&#8482;", "Loaded with features you can control from your smartphone like NFC Tag-On Technology to download new cycles and SmartDiagnosis&#8482; for quick and efficient troubleshooting", "10 wash options, including Add Garment and ColdWash&#8482;, which provides cold water savings with warm water performance", "TrueBalance&#8482; anti-vibration system absorbs vibrations, trapping and muffling noise", "NeveRust&#8482; stainless steel drum resists corrosion and the smooth surface is gentle on fabrics" ], "brand":"LG", "productId":1000080135, "itemNumber":"790479", "modelId":"WM3670HWA", "vendorNumber":"49317", "rating":2.5, "reviewCount":12, "imageUrls":{ "sm":"https://mobileimages.lowes.com/product/converted/048231/048231017497sm.jpg", "md":"https://mobileimages.lowes.com/product/converted/048231/048231017497md.jpg", "lg":"https://mobileimages.lowes.com/product/converted/048231/048231017497lg.jpg", "xl":"https://mobileimages.lowes.com/product/converted/048231/048231017497.jpg" }, "type":"LOCALONLY", "mulQuantity":0, "minQuantity":0, "disclaimer":"In-use/lifestyle images - dryer and pedestals not included", "buyable":1, "published":1, "lowesExclusive":"No", "freeShipping":1, "links":[ { "rel":"review", "href":"https://lwssvcs.lowes.com/BazaarVoiceServices/0534/1000080135/reviews.xml?apiversion=5.4&format=embedded&sort=helpfulness&dir=desc&num=5&page=1" }, { "rel":"questions&answers", "href":"https://lwssvcs.lowes.com/BazaarVoiceServices/answers/0534/product/1000080135/questions.xml?apiversion=5.4&format=embedded&include=answers&sort=helpfulness&dir=desc&num=5&page=1" }, { "rel":"epp", "href":"https://lwssvcs.lowes.com/commerce/resources/store/10151/product/1000080135/epp/v1_0" }, { "rel":"epc", "href":"https://lwssvcs.lowes.com/commerce/resources/store/10151/product/1000080135/assets/v1_0" }, { "rel":"relatedItems", "href":"https://lwssvcs.lowes.com/CatalogServices/product/1000080135/relateditems/v1_0" }, { "rel":"requiredItems", "href":"https://lwssvcs.lowes.com/CatalogServices/product/1000080135/requireditems/v1_0" }, { "rel":"specifications", "href":"https://lwssvcs.lowes.com/CatalogServices/product/1000080135/specifications/v1_0" }, { "rel":"bullets", "href":"https://lwssvcs.lowes.com/CatalogServices/product/1000080135/bullets/v1_0" }, { "rel":"reminder", "href":"https://lwssvcs.lowes.com/commerce/resources/store/10151/reminder/v1_0" }, { "rel":"addItemToCart", "href":"https://lwssvcs.lowes.com/commerce/resources/store/10151/order/item/v1_0" }, { "rel":"saveItem", "href":"https://lwssvcs.lowes.com/MyLowes/app/resource/bin/list/product/v1_0" }, { "rel":"customeralsoviewed", "href":"https://lwssvcs.lowes.com/CatalogServices/product/1000080135/customerviewed/v1_0" }, { "rel":"location", "href":"https://lwssvcs.lowes.com/CatalogServices/product/locations/v1_0?devId=devId&storeNumber=0595&itemNumber=790479" } ], "url":"/pd/LG-TWINWASH-Compatible-4-5-cu-ft-High-Efficiency-Stackable-Front-Load-Washer-with-Steam-Cycle-White-ENERGY-STAR/1000080135", "hasVariants":false, "additionalBadges":[ "Free Delivery" ], "leadCapture":false }, { "networkPrice":"1099.0", "pricing":{ "productId":1000041571, "isSosVendorDirect":false, "price":{ "savings":{ "total":"110.00", "totalPercentage":10, "endDate":1488949140000 }, "selling":"989.00", "retail":"989.00", "was":"1099.00", "typeCode":7, "typeIndicator":"Advertised" }, "availability":[ { "availabilityStatus":"Not Available", "productStockType":"STK", "availabileQuantity":0, "deliveryMethodId":1, "deliveryMethodName":"Parcel Shipping", "storeNumber":9998 }, { "availabilityStatus":"Available", "productStockType":"STK", "availabileQuantity":0, "leadTime":1489464000000, "startLeadDays":3, "endLeadDays":7, "deliveryMethodId":2, "deliveryMethodName":"Store Pickup", "storeNumber":595 }, { "availabilityStatus":"Available", "productStockType":"WEX", "availabileQuantity":1, "leadTime":1488862800000, "deliveryMethodId":3, "deliveryMethodName":"Truck Delivery", "storeNumber":1920 } ], "@type":"item" }, "description":"Load and Go 4.5-cu ft High-Efficiency Stackable Front-Load Washer Steam Cycle (White) ENERGY STAR", "marketingBullets":[ "Load & Go&#8482; System - skip adding detergent to every load - the Load & Go&#8482; cartridge holds enough detergent to wash up to 12 loads of laundry so you can simply fill it and forget it", "Wash and Dry cycle - wash and dry tomorrow's outfit in the washer with this cycle - featuring FanFresh&#174; technology, it automatically activates a fan so you can get tomorrow's outfit or sports uniform ready without having to use the dryer", "12-hour FanFresh&#174; option - a built-in fan activates after the wash cycle is over, tumbling clothes for up to 12 hours so you can finish laundry when you're ready", "ColorLast&#8482; cycle adjusts wash action, gentle temperatures and wash time to keep your colors vibrant longer", "Precision Dispense holds detergent and additives and releases them at the correct time during the cycle for optimal fabric care - detergent mixes with water to penetrate fabrics and virtually eliminate pretreating", "Presoak option adds extra time for soaking before the wash cycle starts", "Steam clean option - add the power of steam to the stain-fighting Steam Clean option for even more help in breaking down deep soils", "Adaptive Wash technology senses the needs of each load and adapts wash actions, time and temperature, keeping your clothes looking newer longer", "EcoBoost option lowers water temperature and increases tumbling action to use less energy while still delivering great cleaning and gentle performance" ], "brand":"Whirlpool", "productId":1000041571, "itemNumber":"780018", "modelId":"WFW92HEFW", "vendorNumber":"46", "rating":4.4527, "reviewCount":391, "imageUrls":{ "sm":"https://mobileimages.lowes.com/product/converted/883049/883049384559sm.jpg", "md":"https://mobileimages.lowes.com/product/converted/883049/883049384559md.jpg", "lg":"https://mobileimages.lowes.com/product/converted/883049/883049384559lg.jpg", "xl":"https://mobileimages.lowes.com/product/converted/883049/883049384559.jpg" }, "type":"LOCALONLY", "mulQuantity":0, "minQuantity":0, "disclaimer":"In-use/lifestyle images -accessories, dryer and pedestals sold separately", "buyable":1, "published":1, "lowesExclusive":"No", "freeShipping":1, "links":[ { "rel":"review", "href":"https://lwssvcs.lowes.com/BazaarVoiceServices/0534/1000041571/reviews.xml?apiversion=5.4&format=embedded&sort=helpfulness&dir=desc&num=5&page=1" }, { "rel":"questions&answers", "href":"https://lwssvcs.lowes.com/BazaarVoiceServices/answers/0534/product/1000041571/questions.xml?apiversion=5.4&format=embedded&include=answers&sort=helpfulness&dir=desc&num=5&page=1" }, { "rel":"epp", "href":"https://lwssvcs.lowes.com/commerce/resources/store/10151/product/1000041571/epp/v1_0" }, { "rel":"epc", "href":"https://lwssvcs.lowes.com/commerce/resources/store/10151/product/1000041571/assets/v1_0" }, { "rel":"relatedItems", "href":"https://lwssvcs.lowes.com/CatalogServices/product/1000041571/relateditems/v1_0" }, { "rel":"requiredItems", "href":"https://lwssvcs.lowes.com/CatalogServices/product/1000041571/requireditems/v1_0" }, { "rel":"specifications", "href":"https://lwssvcs.lowes.com/CatalogServices/product/1000041571/specifications/v1_0" }, { "rel":"bullets", "href":"https://lwssvcs.lowes.com/CatalogServices/product/1000041571/bullets/v1_0" }, { "rel":"reminder", "href":"https://lwssvcs.lowes.com/commerce/resources/store/10151/reminder/v1_0" }, { "rel":"addItemToCart", "href":"https://lwssvcs.lowes.com/commerce/resources/store/10151/order/item/v1_0" }, { "rel":"saveItem", "href":"https://lwssvcs.lowes.com/MyLowes/app/resource/bin/list/product/v1_0" }, { "rel":"customeralsoviewed", "href":"https://lwssvcs.lowes.com/CatalogServices/product/1000041571/customerviewed/v1_0" }, { "rel":"location", "href":"https://lwssvcs.lowes.com/CatalogServices/product/locations/v1_0?devId=devId&storeNumber=0595&itemNumber=780018" } ], "url":"/pd/Whirlpool-Load-and-Go-4-5-cu-ft-High-Efficiency-Stackable-Front-Load-Washer-Steam-Cycle-White-ENERGY-STAR/1000041571", "hasVariants":false, "additionalBadges":[ "Free Delivery" ], "leadCapture":false }, { "networkPrice":"999.0", "pricing":{ "productId":1000082745, "isSosVendorDirect":false, "price":{ "savings":{ "total":"100.00", "totalPercentage":10, "endDate":1488949140000 }, "selling":"899.00", "retail":"899.00", "was":"999.00", "typeCode":7, "typeIndicator":"Advertised" }, "availability":[ { "availabilityStatus":"Not Available", "productStockType":"STK", "availabileQuantity":0, "deliveryMethodId":1, "deliveryMethodName":"Parcel Shipping", "storeNumber":9998 }, { "availabilityStatus":"Available", "productStockType":"STK", "availabileQuantity":0, "leadTime":1489464000000, "startLeadDays":3, "endLeadDays":7, "deliveryMethodId":2, "deliveryMethodName":"Store Pickup", "storeNumber":595 }, { "availabilityStatus":"Available", "productStockType":"STK", "availabileQuantity":1, "leadTime":1488862800000, "deliveryMethodId":3, "deliveryMethodName":"Truck Delivery", "storeNumber":3302 } ], "@type":"item" }, "description":"TWINWASH Compatible 4.5-cu ft High-Efficiency Stackable Front-Load Washer with Steam Cycle (Graphite Steel) ENERGY STAR", "marketingBullets":[ "This washer is TWINWash&#8482; compatible, which means you can add an LG SideKick&#8482; Pedestal Washer to wash two loads at the same time (WD100CV)", "4.5-cu ft capacity offers tremendous tub space, allowing you to finish more laundry in less time", "Steam Technology gently but powerfully eliminates dirt and odors while preventing wrinkles", "Rely on your LG washer with a 10-year warranty on the Direct Drive Motor", "12 wash cycles, including Speed Wash, Bright Whites, TubClean and Allergiene&#8482;", "Loaded with features you can control from your smartphone like NFC Tag-On Technology to download new cycles and SmartDiagnosis&#8482; for quick and efficient troubleshooting", "10 wash options, including Add Garment and ColdWash&#8482;, which provides cold water savings with warm water performance", "TrueBalance&#8482; anti-vibration system absorbs vibrations, trapping and muffling noise", "NeveRust&#8482; stainless steel drum resists corrosion and the smooth surface is gentle on fabrics" ], "brand":"LG", "productId":1000082745, "itemNumber":"726520", "modelId":"WM3670HVA", "vendorNumber":"49317", "rating":3.1, "reviewCount":10, "imageUrls":{ "sm":"https://mobileimages.lowes.com/product/converted/048231/048231017503sm.jpg", "md":"https://mobileimages.lowes.com/product/converted/048231/048231017503md.jpg", "lg":"https://mobileimages.lowes.com/product/converted/048231/048231017503lg.jpg", "xl":"https://mobileimages.lowes.com/product/converted/048231/048231017503.jpg" }, "type":"LOCALONLY", "mulQuantity":0, "minQuantity":0, "disclaimer":"In-use/lifestyle images - dryer and pedestals not included", "buyable":1, "published":1, "lowesExclusive":"No", "freeShipping":1, "links":[ { "rel":"review", "href":"https://lwssvcs.lowes.com/BazaarVoiceServices/0534/1000082745/reviews.xml?apiversion=5.4&format=embedded&sort=helpfulness&dir=desc&num=5&page=1" }, { "rel":"questions&answers", "href":"https://lwssvcs.lowes.com/BazaarVoiceServices/answers/0534/product/1000082745/questions.xml?apiversion=5.4&format=embedded&include=answers&sort=helpfulness&dir=desc&num=5&page=1" }, { "rel":"epp", "href":"https://lwssvcs.lowes.com/commerce/resources/store/10151/product/1000082745/epp/v1_0" }, { "rel":"epc", "href":"https://lwssvcs.lowes.com/commerce/resources/store/10151/product/1000082745/assets/v1_0" }, { "rel":"relatedItems", "href":"https://lwssvcs.lowes.com/CatalogServices/product/1000082745/relateditems/v1_0" }, { "rel":"requiredItems", "href":"https://lwssvcs.lowes.com/CatalogServices/product/1000082745/requireditems/v1_0" }, { "rel":"specifications", "href":"https://lwssvcs.lowes.com/CatalogServices/product/1000082745/specifications/v1_0" }, { "rel":"bullets", "href":"https://lwssvcs.lowes.com/CatalogServices/product/1000082745/bullets/v1_0" }, { "rel":"reminder", "href":"https://lwssvcs.lowes.com/commerce/resources/store/10151/reminder/v1_0" }, { "rel":"addItemToCart", "href":"https://lwssvcs.lowes.com/commerce/resources/store/10151/order/item/v1_0" }, { "rel":"saveItem", "href":"https://lwssvcs.lowes.com/MyLowes/app/resource/bin/list/product/v1_0" }, { "rel":"customeralsoviewed", "href":"https://lwssvcs.lowes.com/CatalogServices/product/1000082745/customerviewed/v1_0" }, { "rel":"location", "href":"https://lwssvcs.lowes.com/CatalogServices/product/locations/v1_0?devId=devId&storeNumber=0595&itemNumber=726520" } ], "url":"/pd/LG-TWINWASH-Compatible-4-5-cu-ft-High-Efficiency-Stackable-Front-Load-Washer-with-Steam-Cycle-Graphite-Steel-ENERGY-STAR/1000082745", "hasVariants":false, "additionalBadges":[ "Free Delivery" ], "leadCapture":false }, { "networkPrice":"649.0", "pricing":{ "productId":999914481, "isSosVendorDirect":false, "price":{ "savings":{ "total":"100.00", "totalPercentage":10, "endDate":1488949140000 }, "selling":"899.00", "retail":"649.00", "was":"999.00", "typeCode":7, "typeIndicator":"SOS Price" }, "availability":[ { "availabilityStatus":"Available", "productStockType":"SOS", "availabileQuantity":0, "sosItemNumber":608391, "leadTime":1490068800000, "deliveryMethodId":2, "deliveryMethodName":"Store Pickup", "storeNumber":595 }, { "availabilityStatus":"Available", "productStockType":"SOS", "availabileQuantity":99999, "sosItemNumber":608391, "leadTime":1490068800000, "deliveryMethodId":3, "deliveryMethodName":"Truck Delivery", "storeNumber":595 } ], "@type":"item" }, "description":"4.2-cu ft High-Efficiency Stackable Front-Load Washer with Steam Cycle (Platinum) ENERGY STAR", "marketingBullets":[ "Samsung 4.2-cu ft high-efficiency, stackable front-load washer offers tremendous tub space, so you can finish more laundry in less time", "9 wash cycles, including Normal, Bedding, Heavy Duty, Delicates, Permanent Press and Quick Wash", "Steam Wash cycle provides powerful steam that helps remove stains, reducing the need for pre-treatment for better cleaning performance", "Sanitize and Allergen cycles eliminate up to 99% of bacteria and kill up to 95% of allergens in each load", "Self Clean+ technology keeps your front-load washer fresh and odor free by removing dirt and bacteria and sends reminders to clean the tub every 40 wash cycles for added convenience", "ENERGY STAR&#174; certified products help you save money on utility bills without sacrificing performance, style or comfort", "VRT Plus&#8482; technology uses stainless steel balls to offset the effects of noisy vibration, creating a quieter washing experience", "Smart Care allows you to skip customer service and troubleshoot issues quickly through a smartphone app, making problem-solving a cinch", "Diamond drum interior features a unique design with smooth, diamond shaped ridges that helps extend clothing life by treating fabrics gently" ], "brand":"Samsung", "productId":999914481, "itemNumber":"608391", "modelId":"WF42H5200AP", "vendorNumber":"149", "rating":4.5769, "reviewCount":761, "imageUrls":{ "sm":"https://mobileimages.lowes.com/product/converted/887276/887276963082sm.jpg", "md":"https://mobileimages.lowes.com/product/converted/887276/887276963082md.jpg", "lg":"https://mobileimages.lowes.com/product/converted/887276/887276963082lg.jpg", "xl":"https://mobileimages.lowes.com/product/converted/887276/887276963082.jpg" }, "type":"LOCALONLY", "mulQuantity":0, "minQuantity":0, "disclaimer":"Pedestal and dryer not included", "buyable":1, "published":1, "lowesExclusive":"No", "freeShipping":1, "links":[ { "rel":"review", "href":"https://lwssvcs.lowes.com/BazaarVoiceServices/0534/999914481/reviews.xml?apiversion=5.4&format=embedded&sort=helpfulness&dir=desc&num=5&page=1" }, { "rel":"questions&answers", "href":"https://lwssvcs.lowes.com/BazaarVoiceServices/answers/0534/product/999914481/questions.xml?apiversion=5.4&format=embedded&include=answers&sort=helpfulness&dir=desc&num=5&page=1" }, { "rel":"epp", "href":"https://lwssvcs.lowes.com/commerce/resources/store/10151/product/999914481/epp/v1_0" }, { "rel":"epc", "href":"https://lwssvcs.lowes.com/commerce/resources/store/10151/product/999914481/assets/v1_0" }, { "rel":"relatedItems", "href":"https://lwssvcs.lowes.com/CatalogServices/product/999914481/relateditems/v1_0" }, { "rel":"requiredItems", "href":"https://lwssvcs.lowes.com/CatalogServices/product/999914481/requireditems/v1_0" }, { "rel":"specifications", "href":"https://lwssvcs.lowes.com/CatalogServices/product/999914481/specifications/v1_0" }, { "rel":"bullets", "href":"https://lwssvcs.lowes.com/CatalogServices/product/999914481/bullets/v1_0" }, { "rel":"reminder", "href":"https://lwssvcs.lowes.com/commerce/resources/store/10151/reminder/v1_0" }, { "rel":"addItemToCart", "href":"https://lwssvcs.lowes.com/commerce/resources/store/10151/order/item/v1_0" }, { "rel":"saveItem", "href":"https://lwssvcs.lowes.com/MyLowes/app/resource/bin/list/product/v1_0" }, { "rel":"customeralsoviewed", "href":"https://lwssvcs.lowes.com/CatalogServices/product/999914481/customerviewed/v1_0" }, { "rel":"location", "href":"https://lwssvcs.lowes.com/CatalogServices/product/locations/v1_0?devId=devId&storeNumber=0595&itemNumber=608391" } ], "url":"/pd/Samsung-4-2-cu-ft-High-Efficiency-Stackable-Front-Load-Washer-with-Steam-Cycle-Platinum-ENERGY-STAR/999914481", "hasVariants":false, "additionalBadges":[ "Free Delivery" ], "leadCapture":false }, { "networkPrice":"989.0", "pricing":{ "productId":1000049609, "isSosVendorDirect":false, "price":{ "savings":{ "total":"110.00", "totalPercentage":10, "endDate":1488949140000 }, "selling":"989.00", "retail":"989.00", "was":"1099.00", "typeCode":7, "typeIndicator":"SOS Price" }, "availability":[ { "availabilityStatus":"Available", "productStockType":"SOS", "availabileQuantity":0, "sosItemNumber":794784, "leadTime":1494043200000, "deliveryMethodId":2, "deliveryMethodName":"Store Pickup", "storeNumber":595 }, { "availabilityStatus":"Available", "productStockType":"SOS", "availabileQuantity":99999, "sosItemNumber":794784, "leadTime":1494043200000, "deliveryMethodId":3, "deliveryMethodName":"Truck Delivery", "storeNumber":595 } ], "@type":"item" }, "description":"Fresh Hold 4.5-cu ft High-Efficiency Stackable Front-Load Washer Steam Cycle (Metallic Slate) ENERGY STAR", "marketingBullets":[ "PowerWash&#174; System features extra cleaning action of the PowerWash&#174; cycle and an internal heater", "Fresh Hold&#174; option keeps clean clothes in the washer smelling fresh by using an internal fan and intermittent tumbling that circulate air through clothes for up to 12 hours after the cycle ends", "Steam for Stains option uses additional soak times, optimal water temperature and a boost of steam from the Steam for Stains option, which can be added to select cycles", "Sanitize cycle removes up 99.9% of household bacteria with extra hot water temperature, delivering thorough cleaning and peace of mind", "Tackle super sized loads with 4.5 cu-ft capacity, enough space to clean 29 towels at once", "Cold wash cycle -extra cleaning action and an active soak help wash away tough stains, while giving you the energy savings and gentle cleaning power of cold water", "American Pride - designed, engineered and assembled in the USA" ], "brand":"Maytag", "productId":1000049609, "itemNumber":"794784", "modelId":"MHW5500FC", "vendorNumber":"46", "rating":4.5277, "reviewCount":667, "imageUrls":{ "sm":"https://mobileimages.lowes.com/product/converted/883049/883049385129sm.jpg", "md":"https://mobileimages.lowes.com/product/converted/883049/883049385129md.jpg", "lg":"https://mobileimages.lowes.com/product/converted/883049/883049385129lg.jpg", "xl":"https://mobileimages.lowes.com/product/converted/883049/883049385129.jpg" }, "type":"LOCALONLY", "mulQuantity":0, "minQuantity":0, "disclaimer":"In-use/lifestyle images - dryer and pedestal sold separately", "buyable":1, "published":1, "lowesExclusive":"No", "freeShipping":1, "links":[ { "rel":"review", "href":"https://lwssvcs.lowes.com/BazaarVoiceServices/0534/1000049609/reviews.xml?apiversion=5.4&format=embedded&sort=helpfulness&dir=desc&num=5&page=1" }, { "rel":"questions&answers", "href":"https://lwssvcs.lowes.com/BazaarVoiceServices/answers/0534/product/1000049609/questions.xml?apiversion=5.4&format=embedded&include=answers&sort=helpfulness&dir=desc&num=5&page=1" }, { "rel":"epp", "href":"https://lwssvcs.lowes.com/commerce/resources/store/10151/product/1000049609/epp/v1_0" }, { "rel":"epc", "href":"https://lwssvcs.lowes.com/commerce/resources/store/10151/product/1000049609/assets/v1_0" }, { "rel":"relatedItems", "href":"https://lwssvcs.lowes.com/CatalogServices/product/1000049609/relateditems/v1_0" }, { "rel":"requiredItems", "href":"https://lwssvcs.lowes.com/CatalogServices/product/1000049609/requireditems/v1_0" }, { "rel":"specifications", "href":"https://lwssvcs.lowes.com/CatalogServices/product/1000049609/specifications/v1_0" }, { "rel":"bullets", "href":"https://lwssvcs.lowes.com/CatalogServices/product/1000049609/bullets/v1_0" }, { "rel":"reminder", "href":"https://lwssvcs.lowes.com/commerce/resources/store/10151/reminder/v1_0" }, { "rel":"addItemToCart", "href":"https://lwssvcs.lowes.com/commerce/resources/store/10151/order/item/v1_0" }, { "rel":"saveItem", "href":"https://lwssvcs.lowes.com/MyLowes/app/resource/bin/list/product/v1_0" }, { "rel":"customeralsoviewed", "href":"https://lwssvcs.lowes.com/CatalogServices/product/1000049609/customerviewed/v1_0" }, { "rel":"location", "href":"https://lwssvcs.lowes.com/CatalogServices/product/locations/v1_0?devId=devId&storeNumber=0595&itemNumber=794784" } ], "url":"/pd/Maytag-Fresh-Hold-4-5-cu-ft-High-Efficiency-Stackable-Front-Load-Washer-Steam-Cycle-Metallic-Slate-ENERGY-STAR/1000049609", "hasVariants":false, "additionalBadges":[ "Free Delivery" ], "leadCapture":false }, { "networkPrice":"1149.0", "pricing":{ "productId":1000045565, "isSosVendorDirect":false, "price":{ "savings":{ "total":"500.00", "totalPercentage":35, "endDate":1488949140000 }, "selling":"899.00", "map":"1399.00", "retail":"899.00", "was":"1399.00", "typeCode":2, "typeIndicator":"SOS Price" }, "availability":[ { "availabilityStatus":"Available", "productStockType":"SOS", "availabileQuantity":0, "sosItemNumber":714769, "leadTime":1490673600000, "deliveryMethodId":2, "deliveryMethodName":"Store Pickup", "storeNumber":595 }, { "availabilityStatus":"Available", "productStockType":"SOS", "availabileQuantity":99999, "sosItemNumber":714769, "leadTime":1490673600000, "deliveryMethodId":3, "deliveryMethodName":"Truck Delivery", "storeNumber":595 } ], "@type":"item" }, "description":"AddWash 5-cu ft High-Efficiency Stackable Front-Load Washer with Steam Cycle (White) ENERGY STAR", "marketingBullets":[ "AddWash door makes it easy to add in any forgotton laundry after the cycle has begun", "The 5.0 cubic foot capacity is the largest in its class (Based on USDOE/EPA listing)", "Super Speed - wash a full load in as little as 30 minutes", "PowerFoam - Optimizes your HE detergent performance to penetrate and cleanse fabric more deeply", "Steam Wash - Uses the power of steam to eliminate stains without pre-treatment", "VRT Plus Technology - Reduces noise 40% more than standard Vibration Reduction Technology", "Wi-Fi Connectivity - Remotely control and monitor your Samsung washer and dryer from anywhere using your mobile devices", "Self Clean+ - Keeps fron load washer fresh and odor free", "Smart Care allows you to skip customer service and troubleshoot issues quickly through a smartphone app, making problem-solving a cinch" ], "brand":"Samsung", "productId":1000045565, "itemNumber":"714769", "modelId":"WF50K7500AW", "vendorNumber":"149", "rating":4.8205, "reviewCount":117, "imageUrls":{ "sm":"https://mobileimages.lowes.com/product/converted/887276/887276135564sm.jpg", "md":"https://mobileimages.lowes.com/product/converted/887276/887276135564md.jpg", "lg":"https://mobileimages.lowes.com/product/converted/887276/887276135564lg.jpg", "xl":"https://mobileimages.lowes.com/product/converted/887276/887276135564.jpg" }, "type":"LOCALONLY", "mulQuantity":0, "minQuantity":0, "disclaimer":"In-use/lifestyle images - dryer and pedestals sold separately", "buyable":1, "published":1, "lowesExclusive":"No", "freeShipping":1, "links":[ { "rel":"review", "href":"https://lwssvcs.lowes.com/BazaarVoiceServices/0534/1000045565/reviews.xml?apiversion=5.4&format=embedded&sort=helpfulness&dir=desc&num=5&page=1" }, { "rel":"questions&answers", "href":"https://lwssvcs.lowes.com/BazaarVoiceServices/answers/0534/product/1000045565/questions.xml?apiversion=5.4&format=embedded&include=answers&sort=helpfulness&dir=desc&num=5&page=1" }, { "rel":"epp", "href":"https://lwssvcs.lowes.com/commerce/resources/store/10151/product/1000045565/epp/v1_0" }, { "rel":"epc", "href":"https://lwssvcs.lowes.com/commerce/resources/store/10151/product/1000045565/assets/v1_0" }, { "rel":"relatedItems", "href":"https://lwssvcs.lowes.com/CatalogServices/product/1000045565/relateditems/v1_0" }, { "rel":"requiredItems", "href":"https://lwssvcs.lowes.com/CatalogServices/product/1000045565/requireditems/v1_0" }, { "rel":"specifications", "href":"https://lwssvcs.lowes.com/CatalogServices/product/1000045565/specifications/v1_0" }, { "rel":"bullets", "href":"https://lwssvcs.lowes.com/CatalogServices/product/1000045565/bullets/v1_0" }, { "rel":"reminder", "href":"https://lwssvcs.lowes.com/commerce/resources/store/10151/reminder/v1_0" }, { "rel":"addItemToCart", "href":"https://lwssvcs.lowes.com/commerce/resources/store/10151/order/item/v1_0" }, { "rel":"saveItem", "href":"https://lwssvcs.lowes.com/MyLowes/app/resource/bin/list/product/v1_0" }, { "rel":"customeralsoviewed", "href":"https://lwssvcs.lowes.com/CatalogServices/product/1000045565/customerviewed/v1_0" }, { "rel":"location", "href":"https://lwssvcs.lowes.com/CatalogServices/product/locations/v1_0?devId=devId&storeNumber=0595&itemNumber=714769" } ], "url":"/pd/Samsung-AddWash-5-cu-ft-High-Efficiency-Stackable-Front-Load-Washer-with-Steam-Cycle-White-ENERGY-STAR/1000045565", "hasVariants":false, "additionalBadges":[ "Free Delivery" ], "leadCapture":false }, { "networkPrice":"719.0", "pricing":{ "productId":1000011370, "isSosVendorDirect":false, "price":{ "savings":{ "total":"80.00", "totalPercentage":10, "endDate":1488949140000 }, "selling":"719.00", "retail":"719.00", "was":"799.00", "typeCode":7, "typeIndicator":"SOS Price" }, "availability":[ { "availabilityStatus":"Available", "productStockType":"SOS", "availabileQuantity":0, "sosItemNumber":786461, "leadTime":1501819200000, "deliveryMethodId":2, "deliveryMethodName":"Store Pickup", "storeNumber":595 }, { "availabilityStatus":"Available", "productStockType":"SOS", "availabileQuantity":99999, "sosItemNumber":786461, "leadTime":1501819200000, "deliveryMethodId":3, "deliveryMethodName":"Truck Delivery", "storeNumber":595 } ], "@type":"item" }, "description":"4.5-cu ft High-Efficiency Stackable Front-Load Washer (White) ENERGY STAR", "marketingBullets":[ "Precision dispense holds detergent and additives and releases detergent at the correct time during the cycle for optimal fabric care - detergent mixes with water to penetrate fabrics and virtually eliminate pretreating", "Adaptive Wash technology senses the needs of each load and adapts wash actions so your clothes always look their best and colors stay vibrant wash after wash", "Smooth Wave stainless steel wash basket gently guides clothes through the wash cycle and helps protect fabrics from fraying and snags", "Finish laundry faster with 4.5 cu-ft washer capacity that offers enough space to handle larger loads" ], "brand":"Whirlpool", "productId":1000011370, "itemNumber":"782465", "modelId":"WFW75HEFW", "vendorNumber":"46", "rating":4.4343, "reviewCount":548, "imageUrls":{ "sm":"https://mobileimages.lowes.com/product/converted/883049/883049384528sm.jpg", "md":"https://mobileimages.lowes.com/product/converted/883049/883049384528md.jpg", "lg":"https://mobileimages.lowes.com/product/converted/883049/883049384528lg.jpg", "xl":"https://mobileimages.lowes.com/product/converted/883049/883049384528.jpg" }, "type":"LOCALONLY", "mulQuantity":0, "minQuantity":0, "disclaimer":"In-use/lifestyle images - dryer sold separately", "buyable":1, "published":1, "lowesExclusive":"No", "freeShipping":1, "links":[ { "rel":"review", "href":"https://lwssvcs.lowes.com/BazaarVoiceServices/0534/1000011370/reviews.xml?apiversion=5.4&format=embedded&sort=helpfulness&dir=desc&num=5&page=1" }, { "rel":"questions&answers", "href":"https://lwssvcs.lowes.com/BazaarVoiceServices/answers/0534/product/1000011370/questions.xml?apiversion=5.4&format=embedded&include=answers&sort=helpfulness&dir=desc&num=5&page=1" }, { "rel":"epp", "href":"https://lwssvcs.lowes.com/commerce/resources/store/10151/product/1000011370/epp/v1_0" }, { "rel":"epc", "href":"https://lwssvcs.lowes.com/commerce/resources/store/10151/product/1000011370/assets/v1_0" }, { "rel":"relatedItems", "href":"https://lwssvcs.lowes.com/CatalogServices/product/1000011370/relateditems/v1_0" }, { "rel":"requiredItems", "href":"https://lwssvcs.lowes.com/CatalogServices/product/1000011370/requireditems/v1_0" }, { "rel":"specifications", "href":"https://lwssvcs.lowes.com/CatalogServices/product/1000011370/specifications/v1_0" }, { "rel":"bullets", "href":"https://lwssvcs.lowes.com/CatalogServices/product/1000011370/bullets/v1_0" }, { "rel":"reminder", "href":"https://lwssvcs.lowes.com/commerce/resources/store/10151/reminder/v1_0" }, { "rel":"addItemToCart", "href":"https://lwssvcs.lowes.com/commerce/resources/store/10151/order/item/v1_0" }, { "rel":"saveItem", "href":"https://lwssvcs.lowes.com/MyLowes/app/resource/bin/list/product/v1_0" }, { "rel":"customeralsoviewed", "href":"https://lwssvcs.lowes.com/CatalogServices/product/1000011370/customerviewed/v1_0" }, { "rel":"location", "href":"https://lwssvcs.lowes.com/CatalogServices/product/locations/v1_0?devId=devId&storeNumber=0595&itemNumber=782465" } ], "url":"/pd/Whirlpool-4-5-cu-ft-High-Efficiency-Stackable-Front-Load-Washer-White-ENERGY-STAR/1000011370", "hasVariants":false, "additionalBadges":[ "Free Delivery" ], "leadCapture":false }, { "networkPrice":"1099.0", "pricing":{ "productId":1000120641, "isSosVendorDirect":false, "price":{ "savings":{ "total":"110.00", "totalPercentage":10, "endDate":1488949140000 }, "selling":"989.00", "retail":"989.00", "was":"1099.00", "typeCode":7, "typeIndicator":"Advertised" }, "availability":[ { "availabilityStatus":"Not Available", "productStockType":"STK", "availabileQuantity":0, "deliveryMethodId":1, "deliveryMethodName":"Parcel Shipping", "storeNumber":9998 }, { "availabilityStatus":"Available", "productStockType":"STK", "availabileQuantity":0, "leadTime":1489464000000, "startLeadDays":3, "endLeadDays":7, "deliveryMethodId":2, "deliveryMethodName":"Store Pickup", "storeNumber":595 }, { "availabilityStatus":"Available", "productStockType":"STK", "availabileQuantity":1, "leadTime":1489377600000, "deliveryMethodId":3, "deliveryMethodName":"Truck Delivery", "storeNumber":595 } ], "@type":"item" }, "description":"TWINWash Compatible 4.5-cu ft High-Efficiency Stackable Front-Load Washer with Steam Cycle (White) ENERGY STAR", "marketingBullets":[ "This washer is TWINWash&#8482; compatible, which means you can add an LG SideKick&#8482; Pedestal Washer to wash two loads at the same time (model WD100CW sold separately)", "Ultra-large capacity (4.5-cu ft) means you can do more laundry in fewer loads", "Give big loads the same great clean while cutting your wash time by up to 30 minutes with enhanced TurboWash&#8482; Technology", "Rely on your LG washer with a 10-year warranty on the Direct Drive Motor", "Loaded with features you can control from your smartphone like NFC Tag-On Technology to download new cycles and SmartDiagnosis&#8482; for quick and efficient troubleshooting", "Steam Technology gently but powerfully eliminates dirt and odors while preventing wrinkles", "ColdWash&#8482; Technology provides cold water savings with water performance", "Allergiene&#8482; Cycle gently removes pet dander allergens from even the most delicate fabrics", "FreshCare&#8482; Option tumbles your laundry periodically, so even if your clothes sit in the drum for hours, they will be clean and fresh, as if the cycle just ended" ], "brand":"LG", "productId":1000120641, "itemNumber":"804883", "modelId":"WM4370HWA", "vendorNumber":"49317", "rating":4.5, "reviewCount":6, "imageUrls":{ "sm":"https://mobileimages.lowes.com/product/converted/048231/048231013260sm.jpg", "md":"https://mobileimages.lowes.com/product/converted/048231/048231013260md.jpg", "lg":"https://mobileimages.lowes.com/product/converted/048231/048231013260lg.jpg", "xl":"https://mobileimages.lowes.com/product/converted/048231/048231013260.jpg" }, "type":"LOCALONLY", "mulQuantity":0, "minQuantity":0, "disclaimer":"In-use lifestyle images - Washer only, dryer, pedestal washer and pedestals not included", "buyable":1, "published":1, "lowesExclusive":"No", "freeShipping":1, "links":[ { "rel":"review", "href":"https://lwssvcs.lowes.com/BazaarVoiceServices/0534/1000120641/reviews.xml?apiversion=5.4&format=embedded&sort=helpfulness&dir=desc&num=5&page=1" }, { "rel":"questions&answers", "href":"https://lwssvcs.lowes.com/BazaarVoiceServices/answers/0534/product/1000120641/questions.xml?apiversion=5.4&format=embedded&include=answers&sort=helpfulness&dir=desc&num=5&page=1" }, { "rel":"epp", "href":"https://lwssvcs.lowes.com/commerce/resources/store/10151/product/1000120641/epp/v1_0" }, { "rel":"epc", "href":"https://lwssvcs.lowes.com/commerce/resources/store/10151/product/1000120641/assets/v1_0" }, { "rel":"relatedItems", "href":"https://lwssvcs.lowes.com/CatalogServices/product/1000120641/relateditems/v1_0" }, { "rel":"requiredItems", "href":"https://lwssvcs.lowes.com/CatalogServices/product/1000120641/requireditems/v1_0" }, { "rel":"specifications", "href":"https://lwssvcs.lowes.com/CatalogServices/product/1000120641/specifications/v1_0" }, { "rel":"bullets", "href":"https://lwssvcs.lowes.com/CatalogServices/product/1000120641/bullets/v1_0" }, { "rel":"reminder", "href":"https://lwssvcs.lowes.com/commerce/resources/store/10151/reminder/v1_0" }, { "rel":"addItemToCart", "href":"https://lwssvcs.lowes.com/commerce/resources/store/10151/order/item/v1_0" }, { "rel":"saveItem", "href":"https://lwssvcs.lowes.com/MyLowes/app/resource/bin/list/product/v1_0" }, { "rel":"customeralsoviewed", "href":"https://lwssvcs.lowes.com/CatalogServices/product/1000120641/customerviewed/v1_0" }, { "rel":"location", "href":"https://lwssvcs.lowes.com/CatalogServices/product/locations/v1_0?devId=devId&storeNumber=0595&itemNumber=804883" } ], "url":"/pd/LG-TWINWash-Compatible-4-5-cu-ft-High-Efficiency-Stackable-Front-Load-Washer-with-Steam-Cycle-White-ENERGY-STAR/1000120641", "hasVariants":false, "additionalBadges":[ "Free Delivery" ], "leadCapture":false }, { "networkPrice":"799.0", "pricing":{ "productId":1000144643, "isSosVendorDirect":false, "price":{ "savings":{ "total":"80.00", "totalPercentage":10, "endDate":1488949140000 }, "selling":"719.00", "retail":"719.00", "was":"799.00", "typeCode":7, "typeIndicator":"Advertised" }, "availability":[ { "availabilityStatus":"Not Available", "productStockType":"STK", "availabileQuantity":0, "deliveryMethodId":1, "deliveryMethodName":"Parcel Shipping", "storeNumber":9998 }, { "availabilityStatus":"Available", "productStockType":"STK", "availabileQuantity":0, "leadTime":1489464000000, "startLeadDays":3, "endLeadDays":7, "deliveryMethodId":2, "deliveryMethodName":"Store Pickup", "storeNumber":595 }, { "availabilityStatus":"Available", "productStockType":"STK", "availabileQuantity":1, "leadTime":1488862800000, "deliveryMethodId":3, "deliveryMethodName":"Truck Delivery", "storeNumber":377 } ], "@type":"item" }, "description":"TWINWASH Compatible 4.5-cu ft High-Efficiency Stackable Front-Load Washer (White) ENERGY STAR", "marketingBullets":[ "LG 4.5-cu ft high-efficiency stackable front-load washer allows you to do more laundry with fewer loads", "9 wash programs include Cotton/Normal, Delicates, Towels, Heavy Duty, Speed Wash and Tub Clean cycles to suit your washing needs", "NFC Tag On technology allows you to download new cycles from your smartphone, while SmartDiagnosis&#8482; allows for quick and efficient troubleshooting", "FreshCare option tumbles your laundry periodically after the cycle ends to prevent wrinkles", "ColdWash&#8482; option provides the same washing performance as a warm water wash while using less energy", "ENERGY STAR&#174; certified product helps you save money on utility bills without sacrificing performance, style or comfort", "TrueBalance&#8482; anti-vibration system absorbs vibrations, trapping and muffling noise for a more peaceful environment", "NeveRust&#8482; stainless steel drum resists corrosion and features a smooth surface that&#8217;s gentle on fabrics", "TWINWash compatible design allows you to add an LG SideKick&#8482; Pedestal Washer to wash more loads at a time (washer sold separately)" ], "brand":"LG", "productId":1000144643, "itemNumber":"794816", "modelId":"WM3270CW", "vendorNumber":"49317", "rating":3.2, "reviewCount":10, "imageUrls":{ "sm":"https://mobileimages.lowes.com/product/converted/893524/893524450143sm.jpg", "md":"https://mobileimages.lowes.com/product/converted/893524/893524450143md.jpg", "lg":"https://mobileimages.lowes.com/product/converted/893524/893524450143lg.jpg", "xl":"https://mobileimages.lowes.com/product/converted/893524/893524450143.jpg" }, "type":"LOCALONLY", "mulQuantity":0, "minQuantity":0, "disclaimer":"In-use/lifestyle images - dryer, washer pedestal, pedestal and accessories not included", "buyable":1, "published":1, "lowesExclusive":"No", "freeShipping":1, "links":[ { "rel":"review", "href":"https://lwssvcs.lowes.com/BazaarVoiceServices/0534/1000144643/reviews.xml?apiversion=5.4&format=embedded&sort=helpfulness&dir=desc&num=5&page=1" }, { "rel":"questions&answers", "href":"https://lwssvcs.lowes.com/BazaarVoiceServices/answers/0534/product/1000144643/questions.xml?apiversion=5.4&format=embedded&include=answers&sort=helpfulness&dir=desc&num=5&page=1" }, { "rel":"epp", "href":"https://lwssvcs.lowes.com/commerce/resources/store/10151/product/1000144643/epp/v1_0" }, { "rel":"epc", "href":"https://lwssvcs.lowes.com/commerce/resources/store/10151/product/1000144643/assets/v1_0" }, { "rel":"relatedItems", "href":"https://lwssvcs.lowes.com/CatalogServices/product/1000144643/relateditems/v1_0" }, { "rel":"requiredItems", "href":"https://lwssvcs.lowes.com/CatalogServices/product/1000144643/requireditems/v1_0" }, { "rel":"specifications", "href":"https://lwssvcs.lowes.com/CatalogServices/product/1000144643/specifications/v1_0" }, { "rel":"bullets", "href":"https://lwssvcs.lowes.com/CatalogServices/product/1000144643/bullets/v1_0" }, { "rel":"reminder", "href":"https://lwssvcs.lowes.com/commerce/resources/store/10151/reminder/v1_0" }, { "rel":"addItemToCart", "href":"https://lwssvcs.lowes.com/commerce/resources/store/10151/order/item/v1_0" }, { "rel":"saveItem", "href":"https://lwssvcs.lowes.com/MyLowes/app/resource/bin/list/product/v1_0" }, { "rel":"customeralsoviewed", "href":"https://lwssvcs.lowes.com/CatalogServices/product/1000144643/customerviewed/v1_0" }, { "rel":"location", "href":"https://lwssvcs.lowes.com/CatalogServices/product/locations/v1_0?devId=devId&storeNumber=0595&itemNumber=794816" } ], "url":"/pd/LG-TWINWASH-Compatible-4-5-cu-ft-High-Efficiency-Stackable-Front-Load-Washer-White-ENERGY-STAR/1000144643", "hasVariants":false, "additionalBadges":[ "Free Delivery" ], "leadCapture":false }, { "networkPrice":"1499.0", "pricing":{ "productId":1000033569, "isSosVendorDirect":false, "price":{ "savings":{ "total":"500.00", "totalPercentage":33, "endDate":1488949140000 }, "selling":"999.00", "retail":"999.00", "was":"1499.00", "typeCode":7 }, "availability":[ { "availabilityStatus":"Not Available", "productStockType":"STK", "availabileQuantity":0, "deliveryMethodId":1, "deliveryMethodName":"Parcel Shipping", "storeNumber":9998 }, { "availabilityStatus":"Not Available", "productStockType":"NON", "availabileQuantity":0, "deliveryMethodId":2, "deliveryMethodName":"Store Pickup", "storeNumber":595 }, { "availabilityStatus":"Available", "productStockType":"NON", "availabileQuantity":1, "leadTime":1488862800000, "deliveryMethodId":3, "deliveryMethodName":"Truck Delivery", "storeNumber":2907 } ], "@type":"item" }, "description":"AddWash 5-cu ft High-Efficiency Stackable Front-Load Washer with Steam Cycle (Black Stainless Steel) ENERGY STAR", "marketingBullets":[ "AddWash door makes it easy to add in any forgotton laundry after the cycle has begun", "The 5.0 cubic foot capacity is the largest in its class (Based on USDOE/EPA listing)", "Super Speed - wash a full load in as little as 30 minutes", "PowerFoam - Optimizes your HE detergent performance to penetrate and cleanse fabric more deeply", "Steam Wash - Uses the power of steam to eliminate stains without pre-treatment", "VRT Plus Technology - Reduces noise 40% more than standard Vibration Reduction Technology", "Wi-Fi Connectivity - Remotely control and monitor your Samsung washer and dryer from anywhere using your mobile devices", "Self Clean+ - Keeps fron load washer fresh and odor free", "Smart Care allows you to skip customer service and troubleshoot issues quickly through a smartphone app, making problem-solving a cinch" ], "brand":"Samsung", "productId":1000033569, "itemNumber":"780047", "modelId":"WF50K7500AV", "vendorNumber":"149", "rating":4.7236, "reviewCount":123, "imageUrls":{ "sm":"https://mobileimages.lowes.com/product/converted/887276/887276135557sm.jpg", "md":"https://mobileimages.lowes.com/product/converted/887276/887276135557md.jpg", "lg":"https://mobileimages.lowes.com/product/converted/887276/887276135557lg.jpg", "xl":"https://mobileimages.lowes.com/product/converted/887276/887276135557.jpg" }, "type":"LOCALONLY", "mulQuantity":0, "minQuantity":0, "disclaimer":"In-use/lifestyle images - pedestal sold separately", "buyable":1, "published":1, "lowesExclusive":"No", "freeShipping":1, "links":[ { "rel":"review", "href":"https://lwssvcs.lowes.com/BazaarVoiceServices/0534/1000033569/reviews.xml?apiversion=5.4&format=embedded&sort=helpfulness&dir=desc&num=5&page=1" }, { "rel":"questions&answers", "href":"https://lwssvcs.lowes.com/BazaarVoiceServices/answers/0534/product/1000033569/questions.xml?apiversion=5.4&format=embedded&include=answers&sort=helpfulness&dir=desc&num=5&page=1" }, { "rel":"epp", "href":"https://lwssvcs.lowes.com/commerce/resources/store/10151/product/1000033569/epp/v1_0" }, { "rel":"epc", "href":"https://lwssvcs.lowes.com/commerce/resources/store/10151/product/1000033569/assets/v1_0" }, { "rel":"relatedItems", "href":"https://lwssvcs.lowes.com/CatalogServices/product/1000033569/relateditems/v1_0" }, { "rel":"requiredItems", "href":"https://lwssvcs.lowes.com/CatalogServices/product/1000033569/requireditems/v1_0" }, { "rel":"specifications", "href":"https://lwssvcs.lowes.com/CatalogServices/product/1000033569/specifications/v1_0" }, { "rel":"bullets", "href":"https://lwssvcs.lowes.com/CatalogServices/product/1000033569/bullets/v1_0" }, { "rel":"reminder", "href":"https://lwssvcs.lowes.com/commerce/resources/store/10151/reminder/v1_0" }, { "rel":"addItemToCart", "href":"https://lwssvcs.lowes.com/commerce/resources/store/10151/order/item/v1_0" }, { "rel":"saveItem", "href":"https://lwssvcs.lowes.com/MyLowes/app/resource/bin/list/product/v1_0" }, { "rel":"customeralsoviewed", "href":"https://lwssvcs.lowes.com/CatalogServices/product/1000033569/customerviewed/v1_0" }, { "rel":"location", "href":"https://lwssvcs.lowes.com/CatalogServices/product/locations/v1_0?devId=devId&storeNumber=0595&itemNumber=780047" } ], "url":"/pd/Samsung-AddWash-5-cu-ft-High-Efficiency-Stackable-Front-Load-Washer-with-Steam-Cycle-Black-Stainless-Steel-ENERGY-STAR/1000033569", "hasVariants":false, "additionalBadges":[ "Free Delivery" ], "leadCapture":false }, { "networkPrice":"799.0", "pricing":{ "productId":1000041573, "isSosVendorDirect":false, "price":{ "savings":{ "total":"120.00", "totalPercentage":10, "endDate":1488949140000 }, "selling":"1079.00", "retail":"799.00", "was":"1199.00", "typeCode":7, "typeIndicator":"SOS Price" }, "availability":[ { "availabilityStatus":"Available", "productStockType":"SOS", "availabileQuantity":0, "sosItemNumber":780021, "leadTime":1491105600000, "deliveryMethodId":2, "deliveryMethodName":"Store Pickup", "storeNumber":595 }, { "availabilityStatus":"Available", "productStockType":"SOS", "availabileQuantity":99999, "sosItemNumber":780021, "leadTime":1491105600000, "deliveryMethodId":3, "deliveryMethodName":"Truck Delivery", "storeNumber":595 } ], "@type":"item" }, "description":"Load and Go 4.5-cu ft High-Efficiency Stackable Front-Load Washer Steam Cycle (Chrome Shadow) ENERGY STAR", "marketingBullets":[ "Load & Go&#8482; System - skip adding detergent to every load - the Load & Go&#8482; cartridge holds enough detergent to wash up to 12 loads of laundry so you can simply fill it and forget it", "Wash and Dry cycle - wash and dry tomorrow's outfit in the washer with this cycle - featuring FanFresh&#174; technology, it automatically activates a fan so you can get tomorrow's outfit or sports uniform ready without having to use the dryer", "12-hour FanFresh&#174; option - a built-in fan activates after the wash cycle is over, tumbling clothes for up to 12 hours so you can finish laundry when you're ready", "ColorLast&#8482; cycle adjusts wash action, gentle temperatures and wash time to keep your colors vibrant longer", "Precision Dispense holds detergent and additives and releases them at the correct time during the cycle for optimal fabric care - detergent mixes with water to penetrate fabrics and virtually eliminate pretreating", "Presoak option adds extra time for soaking before the wash cycle starts", "Steam clean option - add the power of steam to the stain-fighting Steam Clean option for even more help in breaking down deep soils", "Adaptive Wash technology senses the needs of each load and adapts wash actions, time and temperature, keeping your clothes looking newer longer", "EcoBoost option lowers water temperature and increases tumbling action to use less energy while still delivering great cleaning and gentle performance" ], "brand":"Whirlpool", "productId":1000041573, "itemNumber":"780021", "modelId":"WFW92HEFC", "vendorNumber":"46", "rating":4.487, "reviewCount":386, "imageUrls":{ "sm":"https://mobileimages.lowes.com/product/converted/883049/883049384566sm.jpg", "md":"https://mobileimages.lowes.com/product/converted/883049/883049384566md.jpg", "lg":"https://mobileimages.lowes.com/product/converted/883049/883049384566lg.jpg", "xl":"https://mobileimages.lowes.com/product/converted/883049/883049384566.jpg" }, "type":"LOCALONLY", "mulQuantity":0, "minQuantity":0, "disclaimer":"In-use/lifestyle images -accessories, dryer and pedestals sold separately", "buyable":1, "published":1, "lowesExclusive":"No", "freeShipping":1, "links":[ { "rel":"review", "href":"https://lwssvcs.lowes.com/BazaarVoiceServices/0534/1000041573/reviews.xml?apiversion=5.4&format=embedded&sort=helpfulness&dir=desc&num=5&page=1" }, { "rel":"questions&answers", "href":"https://lwssvcs.lowes.com/BazaarVoiceServices/answers/0534/product/1000041573/questions.xml?apiversion=5.4&format=embedded&include=answers&sort=helpfulness&dir=desc&num=5&page=1" }, { "rel":"epp", "href":"https://lwssvcs.lowes.com/commerce/resources/store/10151/product/1000041573/epp/v1_0" }, { "rel":"epc", "href":"https://lwssvcs.lowes.com/commerce/resources/store/10151/product/1000041573/assets/v1_0" }, { "rel":"relatedItems", "href":"https://lwssvcs.lowes.com/CatalogServices/product/1000041573/relateditems/v1_0" }, { "rel":"requiredItems", "href":"https://lwssvcs.lowes.com/CatalogServices/product/1000041573/requireditems/v1_0" }, { "rel":"specifications", "href":"https://lwssvcs.lowes.com/CatalogServices/product/1000041573/specifications/v1_0" }, { "rel":"bullets", "href":"https://lwssvcs.lowes.com/CatalogServices/product/1000041573/bullets/v1_0" }, { "rel":"reminder", "href":"https://lwssvcs.lowes.com/commerce/resources/store/10151/reminder/v1_0" }, { "rel":"addItemToCart", "href":"https://lwssvcs.lowes.com/commerce/resources/store/10151/order/item/v1_0" }, { "rel":"saveItem", "href":"https://lwssvcs.lowes.com/MyLowes/app/resource/bin/list/product/v1_0" }, { "rel":"customeralsoviewed", "href":"https://lwssvcs.lowes.com/CatalogServices/product/1000041573/customerviewed/v1_0" }, { "rel":"location", "href":"https://lwssvcs.lowes.com/CatalogServices/product/locations/v1_0?devId=devId&storeNumber=0595&itemNumber=780021" } ], "url":"/pd/Whirlpool-Load-and-Go-4-5-cu-ft-High-Efficiency-Stackable-Front-Load-Washer-Steam-Cycle-Chrome-Shadow-ENERGY-STAR/1000041573", "hasVariants":false, "additionalBadges":[ "Free Delivery" ], "leadCapture":false }, { "networkPrice":"674.0", "pricing":{ "productId":50434752, "isSosVendorDirect":false, "price":{ "savings":{ "total":"75.00", "totalPercentage":10, "endDate":1488949140000 }, "selling":"674.00", "retail":"674.00", "was":"749.00", "typeCode":7, "typeIndicator":"SOS Price" }, "availability":[ { "availabilityStatus":"Available", "productStockType":"SOS", "availabileQuantity":0, "sosItemNumber":295749, "leadTime":1490068800000, "deliveryMethodId":2, "deliveryMethodName":"Store Pickup", "storeNumber":595 }, { "availabilityStatus":"Available", "productStockType":"SOS", "availabileQuantity":99999, "sosItemNumber":295749, "leadTime":1490068800000, "deliveryMethodId":3, "deliveryMethodName":"Truck Delivery", "storeNumber":595 } ], "@type":"item" }, "description":"2-cu ft Stackable Front-Load Washer (White)", "marketingBullets":[ "Flexible installation - the perfect fit for apartments, older homes and other tight spaces, can be installed under a standard countertop, as a freestanding unit or stacked unit with its matching dryer", "Adaptive variable speed motor - from delicates to heavy duty, the variable speed motor adapts to the load size and the cycle selected for optimum cleaning, rinsing and spinning", "Stainless-steel wash basket resists chips, scratches and odors", "Match the cycle to the load at hand - 8 wash cycles, from Delicates to Heavy Duty, let you select the right cleaning for each load", "Flexible wash options - customize the wash cycle for optimal cleaning", "Automatic temperature controls promote dependable cleaning performance by ensuring correct water temperatures", "Precision balancing system uses springs and shock absorbers to reduce vibration and noise in the water, keeping loads balanced during the cycle", "A smaller washer doesn't have to mean smaller loads -this compact washer provides enough space for full loads of laundry while still fitting in tight spaces" ], "brand":"Whirlpool", "productId":50434752, "itemNumber":"373007", "modelId":"WFC7500VW", "vendorNumber":"46", "rating":3.749, "reviewCount":259, "imageUrls":{ "sm":"https://mobileimages.lowes.com/product/converted/883049/883049138213sm.jpg", "md":"https://mobileimages.lowes.com/product/converted/883049/883049138213md.jpg", "lg":"https://mobileimages.lowes.com/product/converted/883049/883049138213lg.jpg", "xl":"https://mobileimages.lowes.com/product/converted/883049/883049138213.jpg" }, "type":"LOCALONLY", "mulQuantity":0, "minQuantity":0, "disclaimer":"In-use/lifestyle images - dryer not included", "buyable":1, "published":1, "lowesExclusive":"No", "freeShipping":1, "links":[ { "rel":"review", "href":"https://lwssvcs.lowes.com/BazaarVoiceServices/0534/50434752/reviews.xml?apiversion=5.4&format=embedded&sort=helpfulness&dir=desc&num=5&page=1" }, { "rel":"questions&answers", "href":"https://lwssvcs.lowes.com/BazaarVoiceServices/answers/0534/product/50434752/questions.xml?apiversion=5.4&format=embedded&include=answers&sort=helpfulness&dir=desc&num=5&page=1" }, { "rel":"epp", "href":"https://lwssvcs.lowes.com/commerce/resources/store/10151/product/50434752/epp/v1_0" }, { "rel":"epc", "href":"https://lwssvcs.lowes.com/commerce/resources/store/10151/product/50434752/assets/v1_0" }, { "rel":"relatedItems", "href":"https://lwssvcs.lowes.com/CatalogServices/product/50434752/relateditems/v1_0" }, { "rel":"requiredItems", "href":"https://lwssvcs.lowes.com/CatalogServices/product/50434752/requireditems/v1_0" }, { "rel":"specifications", "href":"https://lwssvcs.lowes.com/CatalogServices/product/50434752/specifications/v1_0" }, { "rel":"bullets", "href":"https://lwssvcs.lowes.com/CatalogServices/product/50434752/bullets/v1_0" }, { "rel":"reminder", "href":"https://lwssvcs.lowes.com/commerce/resources/store/10151/reminder/v1_0" }, { "rel":"addItemToCart", "href":"https://lwssvcs.lowes.com/commerce/resources/store/10151/order/item/v1_0" }, { "rel":"saveItem", "href":"https://lwssvcs.lowes.com/MyLowes/app/resource/bin/list/product/v1_0" }, { "rel":"customeralsoviewed", "href":"https://lwssvcs.lowes.com/CatalogServices/product/50434752/customerviewed/v1_0" }, { "rel":"location", "href":"https://lwssvcs.lowes.com/CatalogServices/product/locations/v1_0?devId=devId&storeNumber=0595&itemNumber=373007" } ], "url":"/pd/Whirlpool-2-cu-ft-Stackable-Front-Load-Washer-White/50434752", "hasVariants":false, "additionalBadges":[ "Free Delivery" ], "leadCapture":false }, { "networkPrice":"1299.0", "pricing":{ "productId":999978596, "isSosVendorDirect":false, "price":{ "savings":{ "total":"180.00", "totalPercentage":10, "endDate":1488949140000 }, "selling":"1619.00", "retail":"1619.00", "was":"1799.00", "typeCode":7, "typeIndicator":"SOS Price" }, "availability":[ { "availabilityStatus":"Available", "productStockType":"SOS", "availabileQuantity":0, "sosItemNumber":671788, "leadTime":1490414400000, "deliveryMethodId":2, "deliveryMethodName":"Store Pickup", "storeNumber":595 }, { "availabilityStatus":"Available", "productStockType":"SOS", "availabileQuantity":99999, "sosItemNumber":671788, "leadTime":1490414400000, "deliveryMethodId":3, "deliveryMethodName":"Truck Delivery", "storeNumber":595 } ], "@type":"item" }, "description":"TWINWash Compatible 5.2-cu ft High-Efficiency Front-Load Washer with Steam Cycle (Graphite Steel) ENERGY STAR", "marketingBullets":[ "LG 5.2-cu ft high-efficiency front-load washer features a mega-capacity, allowing you to fit a comforter and full set of king size bedding in a single load", "14 wash cycles, including Permanent Press, Delicates, Speed Wash, Tub Clean, Sanitary, BrightWhites&#8482;, Jumbo Wash and Bedding", "Steam technology gently but powerfully penetrates fabrics to virtually eliminate dirt, odors and wrinkles", "FreshCare&#8482; option tumbles your laundry periodically if left in the drum, so your clothes will be fresh and clean, as if the cycle just ended", "ENERGY STAR&#8482; certified products help you save money on utility bills without sacrificing performance, style or comfort", "TurboWash&#8482; technology activates high-pressure nozzles to boost washing power and cuts wash time by up to 30 minutes without sacrificing performance", "NFC Tag-On technology and SmartDiagnosis&#8482; allow you to download and control new cycles and troubleshoot issues quickly and efficiently via your smartphone", "Elevated and ergonomically angled door with integrated control panel and extra-wide opening allows for easier loading and intuitive functionality", "TWINWash compatible, which means you can add a Pedestal Washer to tackle two loads at once (sold separately)" ], "brand":"LG", "productId":999978596, "itemNumber":"671788", "modelId":"WM9000HVA", "vendorNumber":"49317", "rating":4.5263, "reviewCount":19, "imageUrls":{ "sm":"https://mobileimages.lowes.com/product/converted/048231/048231015349sm.jpg", "md":"https://mobileimages.lowes.com/product/converted/048231/048231015349md.jpg", "lg":"https://mobileimages.lowes.com/product/converted/048231/048231015349lg.jpg", "xl":"https://mobileimages.lowes.com/product/converted/048231/048231015349.jpg" }, "type":"LOCALONLY", "mulQuantity":0, "minQuantity":0, "disclaimer":"In-use/lifestyle images - washer only, pedestal/pedestal washer and dryer sold separately", "buyable":1, "published":1, "lowesExclusive":"No", "freeShipping":1, "links":[ { "rel":"review", "href":"https://lwssvcs.lowes.com/BazaarVoiceServices/0534/999978596/reviews.xml?apiversion=5.4&format=embedded&sort=helpfulness&dir=desc&num=5&page=1" }, { "rel":"questions&answers", "href":"https://lwssvcs.lowes.com/BazaarVoiceServices/answers/0534/product/999978596/questions.xml?apiversion=5.4&format=embedded&include=answers&sort=helpfulness&dir=desc&num=5&page=1" }, { "rel":"epp", "href":"https://lwssvcs.lowes.com/commerce/resources/store/10151/product/999978596/epp/v1_0" }, { "rel":"epc", "href":"https://lwssvcs.lowes.com/commerce/resources/store/10151/product/999978596/assets/v1_0" }, { "rel":"relatedItems", "href":"https://lwssvcs.lowes.com/CatalogServices/product/999978596/relateditems/v1_0" }, { "rel":"requiredItems", "href":"https://lwssvcs.lowes.com/CatalogServices/product/999978596/requireditems/v1_0" }, { "rel":"specifications", "href":"https://lwssvcs.lowes.com/CatalogServices/product/999978596/specifications/v1_0" }, { "rel":"bullets", "href":"https://lwssvcs.lowes.com/CatalogServices/product/999978596/bullets/v1_0" }, { "rel":"reminder", "href":"https://lwssvcs.lowes.com/commerce/resources/store/10151/reminder/v1_0" }, { "rel":"addItemToCart", "href":"https://lwssvcs.lowes.com/commerce/resources/store/10151/order/item/v1_0" }, { "rel":"saveItem", "href":"https://lwssvcs.lowes.com/MyLowes/app/resource/bin/list/product/v1_0" }, { "rel":"customeralsoviewed", "href":"https://lwssvcs.lowes.com/CatalogServices/product/999978596/customerviewed/v1_0" }, { "rel":"location", "href":"https://lwssvcs.lowes.com/CatalogServices/product/locations/v1_0?devId=devId&storeNumber=0595&itemNumber=671788" } ], "url":"/pd/LG-TWINWash-Compatible-5-2-cu-ft-High-Efficiency-Front-Load-Washer-with-Steam-Cycle-Graphite-Steel-ENERGY-STAR/999978596", "hasVariants":false, "additionalBadges":[ "Free Delivery" ], "leadCapture":false } ], "marketingZones":{ "DesktopBannerTop":[ { "zone":"DesktopBannerTop", "name":"Top Desktop Banner", "title":"Top Desktop Banner", "style":"DesktopBannerTop", "htmlLocation":"/content/banners/desktop/promotional-banners/appliances/dp-59148-20170301/150-nc.desktop.html" } ], "DesktopBannerMiddle":[ { "zone":"DesktopBannerMiddle", "name":"Product List Desktop Banner", "title":"Product List Desktop Banner", "style":"DesktopBannerMiddle", "htmlLocation":"/content/banners/desktop/mboxes/5offcredit.desktop.html" } ] }, "links":[ { "rel":"refinements", "href":"https://lwssvcs.lowes.com/CatalogServices/refinement/v1_0?nValue=4294857975&storeNumber=0595" } ], "layout":{ "type":"TwoColumnPage", "name":"Two-Column Page", "contentMapping":{ "mainContent":[ "Middle Zone Banners", "Product Spotlight Zone 1", "Product Spotlight Zone 2", "Boost and Bury Rules (Results List)", "Lower Zone Banners" ], "fullwidthContent":[ "Breadcrumbs", "Search Adjustments", "Top Zone Banners" ], "secondaryContent":[ "Departments Variable Left Navigation Rules", "Dynamic_Related_Categories", "In Stock", "Refinements Variable Left Navigation Rules" ], "headerContent":[ "Landing Page" ] } }, "jvmName":"62104@losatlapp706", "requestParams":{ "storeNumber":"0595", "offset":0, "maxResults":20, "showURL":true, "rollUpVariants":true, "channelType":"DESKTOP", "employee":false, "refinement":[  ] } }